rent_day,res_model,res_day,util_cum,disc_mean,seasonality,lead_time_vec,util_rate_cum,lead_time
2020-12-01,av_ad,2020-10-28,1.0,70.0,1,-28,0.015625,-34
2020-12-01,av_ad,2020-10-31,2.0,70.0,1,-28,0.03125,-31
2020-12-01,av_ad,2020-11-01,4.0,70.0,1,-28,0.0625,-30
2020-12-01,av_ad,2020-11-05,5.0,70.0,1,-26,0.078125,-26
2020-12-01,av_ad,2020-11-06,6.0,70.0,1,-25,0.09375,-25
2020-12-01,av_ad,2020-11-07,7.0,70.71428571428571,1,-24,0.109375,-24
2020-12-01,av_ad,2020-11-09,9.0,71.66666666666667,1,-22,0.140625,-22
2020-12-01,av_ad,2020-11-14,9.583333333333334,71.5,1,-17,0.14973958333333334,-17
2020-12-01,av_ad,2020-11-16,12.583333333333334,72.3076923076923,1,-15,0.19661458333333334,-15
2020-12-01,av_ad,2020-11-17,13.583333333333334,71.78571428571429,1,-14,0.21223958333333334,-14
2020-12-01,av_ad,2020-11-19,14.583333333333334,71.86666666666666,1,-12,0.22786458333333334,-12
2020-12-01,av_ad,2020-11-25,16.583333333333336,71.94117647058823,1,-6,0.25911458333333337,-6
2020-12-01,av_ad,2020-11-27,18.583333333333336,71.73684210526316,1,-4,0.29036458333333337,-4
2020-12-01,av_ad,2020-11-28,20.583333333333336,71.57142857142857,1,-3,0.32161458333333337,-3
2020-12-01,av_ad,2020-11-30,23.416666666666668,71.70833333333333,1,-1,0.3658854166666667,-1
2020-12-01,av_ad,2020-12-01,24.416666666666668,71.64,1,0,0.3815104166666667,0
2020-12-02,av_ad,2020-10-28,1.0,70.0,1,-29,0.015625,-35
2020-12-02,av_ad,2020-10-31,2.0,70.0,1,-28,0.03125,-32
2020-12-02,av_ad,2020-11-01,4.0,70.0,1,-28,0.0625,-31
2020-12-02,av_ad,2020-11-05,5.0,70.0,1,-27,0.078125,-27
2020-12-02,av_ad,2020-11-06,7.0,70.71428571428571,1,-26,0.109375,-26
2020-12-02,av_ad,2020-11-07,8.0,71.25,1,-25,0.125,-25
2020-12-02,av_ad,2020-11-09,11.0,72.27272727272727,1,-23,0.171875,-23
2020-12-02,av_ad,2020-11-12,12.0,67.08333333333333,1,-20,0.1875,-20
2020-12-02,av_ad,2020-11-13,13.0,67.92307692307692,1,-19,0.203125,-19
2020-12-02,av_ad,2020-11-14,14.472222222222221,69.2,1,-18,0.2261284722222222,-18
2020-12-02,av_ad,2020-11-16,17.47222222222222,70.16666666666667,1,-16,0.2730034722222222,-16
2020-12-02,av_ad,2020-11-17,20.47222222222222,69.9047619047619,1,-15,0.3198784722222222,-15
2020-12-02,av_ad,2020-11-18,21.805555555555554,70.26086956521739,1,-14,0.3407118055555555,-14
2020-12-02,av_ad,2020-11-19,22.805555555555554,70.375,1,-13,0.3563368055555555,-13
2020-12-02,av_ad,2020-11-20,23.805555555555554,70.56,1,-12,0.3719618055555555,-12
2020-12-02,av_ad,2020-11-21,24.638888888888886,70.53846153846153,1,-11,0.38498263888888884,-11
2020-12-02,av_ad,2020-11-25,25.638888888888886,70.51851851851852,1,-7,0.40060763888888884,-7
2020-12-02,av_ad,2020-11-27,27.638888888888886,70.48275862068965,1,-5,0.43185763888888884,-5
2020-12-02,av_ad,2020-11-28,29.638888888888886,70.45161290322581,1,-4,0.46310763888888884,-4
2020-12-02,av_ad,2020-11-29,30.638888888888886,70.4375,1,-3,0.47873263888888884,-3
2020-12-02,av_ad,2020-11-30,34.638888888888886,70.47222222222223,1,-2,0.5412326388888888,-2
2020-12-02,av_ad,2020-12-01,37.638888888888886,70.43589743589743,1,-1,0.5881076388888888,-1
2020-12-02,av_ad,2020-12-02,38.638888888888886,70.5,1,0,0.6037326388888888,0
2020-12-03,av_ad,2020-10-08,1.0,65.0,2,-32,0.015625,-56
2020-12-03,av_ad,2020-10-28,2.0,67.5,2,-29,0.03125,-36
2020-12-03,av_ad,2020-10-31,3.0,68.33333333333333,2,-28,0.046875,-33
2020-12-03,av_ad,2020-11-01,5.0,69.0,2,-28,0.078125,-32
2020-12-03,av_ad,2020-11-04,6.0,69.16666666666667,2,-28,0.09375,-29
2020-12-03,av_ad,2020-11-05,7.0,69.28571428571429,2,-28,0.109375,-28
2020-12-03,av_ad,2020-11-06,9.0,70.0,2,-27,0.140625,-27
2020-12-03,av_ad,2020-11-07,11.0,70.0,2,-26,0.171875,-26
2020-12-03,av_ad,2020-11-09,14.666666666666666,66.33333333333333,2,-24,0.22916666666666666,-24
2020-12-03,av_ad,2020-11-10,15.666666666666666,66.25,2,-23,0.24479166666666666,-23
2020-12-03,av_ad,2020-11-12,16.666666666666664,62.94117647058823,2,-21,0.26041666666666663,-21
2020-12-03,av_ad,2020-11-13,17.666666666666664,63.77777777777778,2,-20,0.27604166666666663,-20
2020-12-03,av_ad,2020-11-14,19.666666666666664,65.15,2,-19,0.30729166666666663,-19
2020-12-03,av_ad,2020-11-15,20.666666666666664,65.14285714285714,2,-18,0.32291666666666663,-18
2020-12-03,av_ad,2020-11-16,24.666666666666664,66.32,2,-17,0.38541666666666663,-17
2020-12-03,av_ad,2020-11-17,27.666666666666664,66.53571428571429,2,-16,0.43229166666666663,-16
2020-12-03,av_ad,2020-11-18,29.999999999999996,67.12903225806451,2,-15,0.46874999999999994,-15
2020-12-03,av_ad,2020-11-19,31.999999999999996,67.24242424242425,2,-14,0.49999999999999994,-14
2020-12-03,av_ad,2020-11-20,33.0,67.47058823529412,2,-13,0.515625,-13
2020-12-03,av_ad,2020-11-21,34.0,67.54285714285714,2,-12,0.53125,-12
2020-12-03,av_ad,2020-11-22,34.22222222222222,67.61111111111111,2,-11,0.5347222222222222,-11
2020-12-03,av_ad,2020-11-25,36.22222222222222,67.60526315789474,2,-8,0.5659722222222222,-8
2020-12-03,av_ad,2020-11-27,37.22222222222222,67.66666666666667,2,-6,0.5815972222222222,-6
2020-12-03,av_ad,2020-11-28,39.22222222222222,67.78048780487805,2,-5,0.6128472222222222,-5
2020-12-03,av_ad,2020-11-29,40.22222222222222,67.83333333333333,2,-4,0.6284722222222222,-4
2020-12-03,av_ad,2020-11-30,46.72222222222222,67.79591836734694,2,-3,0.7300347222222222,-3
2020-12-03,av_ad,2020-12-01,52.72222222222222,67.67272727272727,2,-2,0.8237847222222222,-2
2020-12-03,av_ad,2020-12-02,53.72222222222222,67.76785714285714,2,-1,0.8394097222222222,-1
2020-12-04,av_ad,2020-10-08,1.0,65.0,2,-32,0.015625,-57
2020-12-04,av_ad,2020-10-19,2.0,65.0,2,-30,0.03125,-46
2020-12-04,av_ad,2020-10-26,2.9166666666666665,65.0,2,-29,0.045572916666666664,-39
2020-12-04,av_ad,2020-11-01,4.916666666666666,67.0,2,-28,0.07682291666666666,-33
2020-12-04,av_ad,2020-11-04,5.916666666666666,67.5,2,-28,0.09244791666666666,-30
2020-12-04,av_ad,2020-11-05,6.916666666666666,67.85714285714286,2,-28,0.10807291666666666,-29
2020-12-04,av_ad,2020-11-06,8.277777777777777,68.66666666666667,2,-28,0.12934027777777776,-28
2020-12-04,av_ad,2020-11-07,9.277777777777777,68.3,2,-27,0.14496527777777776,-27
2020-12-04,av_ad,2020-11-09,13.277777777777777,64.85714285714286,2,-25,0.20746527777777776,-25
2020-12-04,av_ad,2020-11-10,14.277777777777777,64.86666666666666,2,-24,0.22309027777777776,-24
2020-12-04,av_ad,2020-11-11,15.277777777777777,64.875,2,-23,0.23871527777777776,-23
2020-12-04,av_ad,2020-11-12,17.27777777777778,61.833333333333336,2,-22,0.2699652777777778,-22
2020-12-04,av_ad,2020-11-13,18.27777777777778,62.68421052631579,2,-21,0.2855902777777778,-21
2020-12-04,av_ad,2020-11-14,22.27777777777778,64.30434782608695,2,-20,0.3480902777777778,-20
2020-12-04,av_ad,2020-11-15,24.27777777777778,64.36,2,-19,0.3793402777777778,-19
2020-12-04,av_ad,2020-11-16,28.27777777777778,65.48275862068965,2,-18,0.4418402777777778,-18
2020-12-04,av_ad,2020-11-17,31.27777777777778,65.75,2,-17,0.4887152777777778,-17
2020-12-04,av_ad,2020-11-18,36.27777777777778,66.48648648648648,2,-16,0.5668402777777778,-16
2020-12-04,av_ad,2020-11-19,38.27777777777778,66.61538461538461,2,-15,0.5980902777777778,-15
2020-12-04,av_ad,2020-11-20,40.02777777777778,66.78048780487805,2,-14,0.6254340277777778,-14
2020-12-04,av_ad,2020-11-21,42.02777777777778,66.81395348837209,2,-13,0.6566840277777778,-13
2020-12-04,av_ad,2020-11-22,43.02777777777778,66.88636363636364,2,-12,0.6723090277777778,-12
2020-12-04,av_ad,2020-11-24,44.02777777777778,65.4,2,-10,0.6879340277777778,-10
2020-12-04,av_ad,2020-11-25,45.02777777777778,65.3913043478261,2,-9,0.7035590277777778,-9
2020-12-04,av_ad,2020-11-27,47.02777777777778,65.58333333333333,2,-7,0.7348090277777778,-7
2020-12-04,av_ad,2020-11-28,48.02777777777778,65.6734693877551,2,-6,0.7504340277777778,-6
2020-12-04,av_ad,2020-11-29,49.02777777777778,65.76,2,-5,0.7660590277777778,-5
2020-12-04,av_ad,2020-11-30,56.02777777777778,65.98245614035088,2,-4,0.8754340277777778,-4
2020-12-04,av_ad,2020-12-01,60.861111111111114,65.96825396825396,2,-3,0.9509548611111112,-3
2020-12-05,av_ad,2020-10-08,1.0,65.0,2,-32,0.015625,-58
2020-12-05,av_ad,2020-10-19,2.0,65.0,2,-30,0.03125,-47
2020-12-05,av_ad,2020-10-22,2.5833333333333335,65.0,2,-30,0.040364583333333336,-44
2020-12-05,av_ad,2020-10-26,3.5833333333333335,65.0,2,-29,0.055989583333333336,-40
2020-12-05,av_ad,2020-11-01,4.583333333333334,66.0,2,-28,0.07161458333333334,-34
2020-12-05,av_ad,2020-11-04,6.583333333333334,66.42857142857143,2,-28,0.10286458333333334,-31
2020-12-05,av_ad,2020-11-06,7.583333333333334,66.625,2,-28,0.11848958333333334,-29
2020-12-05,av_ad,2020-11-07,8.583333333333334,66.44444444444444,2,-28,0.13411458333333334,-28
2020-12-05,av_ad,2020-11-09,13.583333333333334,63.42857142857143,2,-26,0.21223958333333334,-26
2020-12-05,av_ad,2020-11-10,14.583333333333334,63.53333333333333,2,-25,0.22786458333333334,-25
2020-12-05,av_ad,2020-11-11,15.583333333333334,63.625,2,-24,0.24348958333333334,-24
2020-12-05,av_ad,2020-11-12,16.583333333333336,63.705882352941174,2,-23,0.25911458333333337,-23
2020-12-05,av_ad,2020-11-13,17.583333333333336,64.5,2,-22,0.27473958333333337,-22
2020-12-05,av_ad,2020-11-14,21.583333333333336,65.86363636363636,2,-21,0.33723958333333337,-21
2020-12-05,av_ad,2020-11-15,24.583333333333336,65.76,2,-20,0.38411458333333337,-20
2020-12-05,av_ad,2020-11-16,25.583333333333336,65.73076923076923,2,-19,0.39973958333333337,-19
2020-12-05,av_ad,2020-11-17,27.583333333333336,66.03571428571429,2,-18,0.43098958333333337,-18
2020-12-05,av_ad,2020-11-18,33.583333333333336,66.91176470588235,2,-17,0.5247395833333334,-17
2020-12-05,av_ad,2020-11-19,35.583333333333336,66.66666666666667,2,-16,0.5559895833333334,-16
2020-12-05,av_ad,2020-11-20,38.583333333333336,66.7948717948718,2,-15,0.6028645833333334,-15
2020-12-05,av_ad,2020-11-21,40.583333333333336,66.82926829268293,2,-14,0.6341145833333334,-14
2020-12-05,av_ad,2020-11-22,44.16666666666667,66.88888888888889,2,-13,0.6901041666666667,-13
2020-12-05,av_ad,2020-11-23,45.16666666666667,66.84782608695652,2,-12,0.7057291666666667,-12
2020-12-05,av_ad,2020-11-24,47.16666666666667,65.41666666666667,2,-11,0.7369791666666667,-11
2020-12-05,av_ad,2020-11-27,48.16666666666667,65.51020408163265,2,-8,0.7526041666666667,-8
2020-12-05,av_ad,2020-11-28,49.16666666666667,65.6,2,-7,0.7682291666666667,-7
2020-12-05,av_ad,2020-11-29,50.16666666666667,65.68627450980392,2,-6,0.7838541666666667,-6
2020-12-05,av_ad,2020-11-30,54.16666666666667,65.9090909090909,2,-5,0.8463541666666667,-5
2020-12-05,av_ad,2020-12-01,59.16666666666667,65.91666666666667,2,-4,0.9244791666666667,-4
2020-12-05,av_ad,2020-12-02,60.16666666666667,65.90163934426229,2,-3,0.9401041666666667,-3
2020-12-05,av_ad,2020-12-03,61.16666666666667,65.96774193548387,2,-2,0.9557291666666667,-2
2020-12-06,av_ad,2020-09-16,1.0,70.0,2,-35,0.015625,-81
2020-12-06,av_ad,2020-10-06,2.0,67.5,2,-32,0.03125,-61
2020-12-06,av_ad,2020-10-19,3.0,66.66666666666667,2,-30,0.046875,-48
2020-12-06,av_ad,2020-10-22,4.0,66.25,2,-30,0.0625,-45
2020-12-06,av_ad,2020-10-26,5.0,66.0,2,-29,0.078125,-41
2020-12-06,av_ad,2020-11-04,6.0,65.83333333333333,2,-28,0.09375,-32
2020-12-06,av_ad,2020-11-06,7.0,66.14285714285714,2,-28,0.109375,-30
2020-12-06,av_ad,2020-11-07,8.0,66.0,2,-28,0.125,-29
2020-12-06,av_ad,2020-11-09,11.0,67.54545454545455,2,-27,0.171875,-27
2020-12-06,av_ad,2020-11-10,12.0,67.33333333333333,2,-26,0.1875,-26
2020-12-06,av_ad,2020-11-11,13.0,67.15384615384616,2,-25,0.203125,-25
2020-12-06,av_ad,2020-11-12,15.0,66.86666666666666,2,-24,0.234375,-24
2020-12-06,av_ad,2020-11-13,16.0,67.0625,2,-23,0.25,-23
2020-12-06,av_ad,2020-11-14,17.0,66.94117647058823,2,-22,0.265625,-22
2020-12-06,av_ad,2020-11-15,20.0,66.65,2,-21,0.3125,-21
2020-12-06,av_ad,2020-11-16,21.0,66.57142857142857,2,-20,0.328125,-20
2020-12-06,av_ad,2020-11-17,22.0,66.5,2,-19,0.34375,-19
2020-12-06,av_ad,2020-11-18,26.0,66.96153846153847,2,-18,0.40625,-18
2020-12-06,av_ad,2020-11-19,27.0,66.70370370370371,2,-17,0.421875,-17
2020-12-06,av_ad,2020-11-20,30.0,66.86666666666666,2,-16,0.46875,-16
2020-12-06,av_ad,2020-11-22,34.0,66.94117647058823,2,-14,0.53125,-14
2020-12-06,av_ad,2020-11-23,35.0,66.88571428571429,2,-13,0.546875,-13
2020-12-06,av_ad,2020-11-24,37.0,65.02702702702703,2,-12,0.578125,-12
2020-12-06,av_ad,2020-11-27,38.0,65.15789473684211,2,-9,0.59375,-9
2020-12-06,av_ad,2020-11-28,39.0,65.15384615384616,2,-8,0.609375,-8
2020-12-06,av_ad,2020-11-29,39.333333333333336,65.225,2,-7,0.6145833333333334,-7
2020-12-06,av_ad,2020-11-30,44.333333333333336,65.31111111111112,2,-6,0.6927083333333334,-6
2020-12-06,av_ad,2020-12-01,48.333333333333336,65.48979591836735,2,-5,0.7552083333333334,-5
2020-12-06,av_ad,2020-12-02,49.333333333333336,65.48,2,-4,0.7708333333333334,-4
2020-12-06,av_ad,2020-12-03,51.333333333333336,65.65384615384616,2,-3,0.8020833333333334,-3
2020-12-06,av_ad,2020-12-05,53.333333333333336,65.62962962962963,2,-1,0.8333333333333334,-1
2020-12-07,av_ad,2020-09-16,1.0,70.0,1,-35,0.015625,-82
2020-12-07,av_ad,2020-10-06,2.0,67.5,1,-32,0.03125,-62
2020-12-07,av_ad,2020-10-22,3.0,66.66666666666667,1,-30,0.046875,-46
2020-12-07,av_ad,2020-11-01,4.0,67.5,1,-29,0.0625,-36
2020-12-07,av_ad,2020-11-04,5.0,67.0,1,-28,0.078125,-33
2020-12-07,av_ad,2020-11-06,6.0,67.16666666666667,1,-28,0.09375,-31
2020-12-07,av_ad,2020-11-09,10.0,69.3,1,-28,0.15625,-28
2020-12-07,av_ad,2020-11-10,11.0,68.9090909090909,1,-27,0.171875,-27
2020-12-07,av_ad,2020-11-12,13.0,68.6923076923077,1,-25,0.203125,-25
2020-12-07,av_ad,2020-11-13,14.0,68.78571428571429,1,-24,0.21875,-24
2020-12-07,av_ad,2020-11-14,15.0,69.2,1,-23,0.234375,-23
2020-12-07,av_ad,2020-11-15,17.0,68.70588235294117,1,-22,0.265625,-22
2020-12-07,av_ad,2020-11-17,18.0,69.05555555555556,1,-20,0.28125,-20
2020-12-07,av_ad,2020-11-18,20.833333333333332,65.61904761904762,1,-19,0.3255208333333333,-19
2020-12-07,av_ad,2020-11-19,21.833333333333332,66.27272727272727,1,-18,0.3411458333333333,-18
2020-12-07,av_ad,2020-11-20,22.833333333333332,66.65217391304348,1,-17,0.3567708333333333,-17
2020-12-07,av_ad,2020-11-22,24.833333333333332,66.72,1,-15,0.3880208333333333,-15
2020-12-07,av_ad,2020-11-23,28.833333333333332,67.0,1,-14,0.4505208333333333,-14
2020-12-07,av_ad,2020-11-24,29.833333333333332,66.93333333333334,1,-13,0.4661458333333333,-13
2020-12-07,av_ad,2020-11-25,30.833333333333332,67.03225806451613,1,-12,0.4817708333333333,-12
2020-12-07,av_ad,2020-11-26,31.833333333333332,67.28125,1,-11,0.4973958333333333,-11
2020-12-07,av_ad,2020-11-27,34.83333333333333,67.51428571428572,1,-10,0.5442708333333333,-10
2020-12-07,av_ad,2020-11-28,35.83333333333333,67.44444444444444,1,-9,0.5598958333333333,-9
2020-12-07,av_ad,2020-11-29,36.83333333333333,67.45945945945945,1,-8,0.5755208333333333,-8
2020-12-07,av_ad,2020-11-30,40.83333333333333,67.34146341463415,1,-7,0.6380208333333333,-7
2020-12-07,av_ad,2020-12-01,44.83333333333333,67.46666666666667,1,-6,0.7005208333333333,-6
2020-12-07,av_ad,2020-12-02,45.83333333333333,67.41304347826087,1,-5,0.7161458333333333,-5
2020-12-07,av_ad,2020-12-03,49.83333333333333,67.88,1,-4,0.7786458333333333,-4
2020-12-07,av_ad,2020-12-04,50.83333333333333,68.11764705882354,1,-3,0.7942708333333333,-3
2020-12-07,av_ad,2020-12-05,56.83333333333333,68.57894736842105,1,-2,0.8880208333333333,-2
2020-12-07,av_ad,2020-12-06,60.83333333333333,69.0,1,-1,0.9505208333333333,-1
2020-12-08,av_ad,2020-09-16,1.0,70.0,1,-35,0.015625,-83
2020-12-08,av_ad,2020-10-06,2.0,67.5,1,-33,0.03125,-63
2020-12-08,av_ad,2020-10-22,3.0,66.66666666666667,1,-30,0.046875,-47
2020-12-08,av_ad,2020-11-01,4.0,67.5,1,-29,0.0625,-37
2020-12-08,av_ad,2020-11-02,5.0,69.0,1,-29,0.078125,-36
2020-12-08,av_ad,2020-11-09,8.0,71.25,1,-28,0.125,-29
2020-12-08,av_ad,2020-11-12,10.0,70.5,1,-26,0.15625,-26
2020-12-08,av_ad,2020-11-14,11.0,70.9090909090909,1,-24,0.171875,-24
2020-12-08,av_ad,2020-11-15,12.0,70.41666666666667,1,-23,0.1875,-23
2020-12-08,av_ad,2020-11-17,13.0,70.76923076923077,1,-21,0.203125,-21
2020-12-08,av_ad,2020-11-18,14.0,65.71428571428571,1,-20,0.21875,-20
2020-12-08,av_ad,2020-11-19,15.0,66.66666666666667,1,-19,0.234375,-19
2020-12-08,av_ad,2020-11-20,16.0,67.1875,1,-18,0.25,-18
2020-12-08,av_ad,2020-11-22,18.0,67.22222222222223,1,-16,0.28125,-16
2020-12-08,av_ad,2020-11-23,22.0,67.5,1,-15,0.34375,-15
2020-12-08,av_ad,2020-11-25,23.0,67.6086956521739,1,-13,0.359375,-13
2020-12-08,av_ad,2020-11-26,24.0,67.91666666666667,1,-12,0.375,-12
2020-12-08,av_ad,2020-11-27,28.833333333333332,68.44827586206897,1,-11,0.4505208333333333,-11
2020-12-08,av_ad,2020-11-28,29.833333333333332,68.33333333333333,1,-10,0.4661458333333333,-10
2020-12-08,av_ad,2020-11-29,30.833333333333332,68.3225806451613,1,-9,0.4817708333333333,-9
2020-12-08,av_ad,2020-11-30,35.83333333333333,68.22222222222223,1,-8,0.5598958333333333,-8
2020-12-08,av_ad,2020-12-01,39.83333333333333,68.275,1,-7,0.6223958333333333,-7
2020-12-08,av_ad,2020-12-02,40.83333333333333,68.4390243902439,1,-6,0.6380208333333333,-6
2020-12-08,av_ad,2020-12-03,45.83333333333333,69.06521739130434,1,-5,0.7161458333333333,-5
2020-12-08,av_ad,2020-12-04,46.83333333333333,69.29787234042553,1,-4,0.7317708333333333,-4
2020-12-08,av_ad,2020-12-05,51.83333333333333,69.75,1,-3,0.8098958333333333,-3
2020-12-08,av_ad,2020-12-06,54.83333333333333,70.03636363636363,1,-2,0.8567708333333333,-2
2020-12-08,av_ad,2020-12-07,55.83333333333333,70.21428571428571,1,-1,0.8723958333333333,-1
2020-12-09,av_ad,2020-09-16,1.0,70.0,1,-36,0.015625,-84
2020-12-09,av_ad,2020-10-06,2.0,67.5,1,-33,0.03125,-64
2020-12-09,av_ad,2020-11-01,3.0,68.33333333333333,1,-29,0.046875,-38
2020-12-09,av_ad,2020-11-02,4.0,70.0,1,-29,0.0625,-37
2020-12-09,av_ad,2020-11-09,7.0,72.14285714285714,1,-28,0.109375,-30
2020-12-09,av_ad,2020-11-12,9.0,71.11111111111111,1,-27,0.140625,-27
2020-12-09,av_ad,2020-11-14,11.0,71.36363636363636,1,-25,0.171875,-25
2020-12-09,av_ad,2020-11-15,12.0,70.83333333333333,1,-24,0.1875,-24
2020-12-09,av_ad,2020-11-17,14.0,71.42857142857143,1,-22,0.21875,-22
2020-12-09,av_ad,2020-11-18,15.0,66.66666666666667,1,-21,0.234375,-21
2020-12-09,av_ad,2020-11-19,16.0,67.5,1,-20,0.25,-20
2020-12-09,av_ad,2020-11-20,18.0,68.05555555555556,1,-19,0.28125,-19
2020-12-09,av_ad,2020-11-22,19.833333333333332,68.25,1,-17,0.3098958333333333,-17
2020-12-09,av_ad,2020-11-23,23.833333333333332,68.95833333333333,1,-16,0.3723958333333333,-16
2020-12-09,av_ad,2020-11-25,25.833333333333332,69.15384615384616,1,-14,0.4036458333333333,-14
2020-12-09,av_ad,2020-11-26,26.833333333333332,69.37037037037037,1,-13,0.4192708333333333,-13
2020-12-09,av_ad,2020-11-27,32.83333333333333,69.78787878787878,1,-12,0.5130208333333333,-12
2020-12-09,av_ad,2020-11-29,33.83333333333333,69.73529411764706,1,-10,0.5286458333333333,-10
2020-12-09,av_ad,2020-11-30,37.83333333333333,69.3157894736842,1,-9,0.5911458333333333,-9
2020-12-09,av_ad,2020-12-01,40.83333333333333,69.36585365853658,1,-8,0.6380208333333333,-8
2020-12-09,av_ad,2020-12-03,45.83333333333333,69.8913043478261,1,-6,0.7161458333333333,-6
2020-12-09,av_ad,2020-12-04,46.83333333333333,70.1063829787234,1,-5,0.7317708333333333,-5
2020-12-09,av_ad,2020-12-05,50.30555555555555,70.58823529411765,1,-4,0.7860243055555555,-4
2020-12-09,av_ad,2020-12-06,52.30555555555555,70.75471698113208,1,-3,0.8172743055555555,-3
2020-12-09,av_ad,2020-12-07,56.30555555555555,71.24561403508773,1,-2,0.8797743055555555,-2
2020-12-09,av_ad,2020-12-08,58.30555555555555,71.54237288135593,1,-1,0.9110243055555555,-1
2020-12-10,av_ad,2020-09-16,1.0,70.0,2,-36,0.015625,-85
2020-12-10,av_ad,2020-10-26,2.0,70.0,2,-30,0.03125,-45
2020-12-10,av_ad,2020-11-01,3.0,70.0,2,-29,0.046875,-39
2020-12-10,av_ad,2020-11-02,4.0,71.25,2,-29,0.0625,-38
2020-12-10,av_ad,2020-11-09,6.0,72.5,2,-28,0.09375,-31
2020-12-10,av_ad,2020-11-11,6.583333333333333,73.57142857142857,2,-28,0.10286458333333333,-29
2020-12-10,av_ad,2020-11-12,8.583333333333332,72.22222222222223,2,-28,0.13411458333333331,-28
2020-12-10,av_ad,2020-11-14,10.583333333333332,72.27272727272727,2,-26,0.16536458333333331,-26
2020-12-10,av_ad,2020-11-15,11.583333333333332,71.66666666666667,2,-25,0.18098958333333331,-25
2020-12-10,av_ad,2020-11-16,13.583333333333332,66.07142857142857,2,-24,0.21223958333333331,-24
2020-12-10,av_ad,2020-11-17,15.583333333333332,67.1875,2,-23,0.24348958333333331,-23
2020-12-10,av_ad,2020-11-19,16.583333333333332,67.94117647058823,2,-21,0.2591145833333333,-21
2020-12-10,av_ad,2020-11-20,19.583333333333332,68.25,2,-20,0.3059895833333333,-20
2020-12-10,av_ad,2020-11-22,22.583333333333332,68.47826086956522,2,-18,0.3528645833333333,-18
2020-12-10,av_ad,2020-11-23,24.583333333333332,69.0,2,-17,0.3841145833333333,-17
2020-12-10,av_ad,2020-11-25,27.083333333333332,69.03571428571429,2,-15,0.4231770833333333,-15
2020-12-10,av_ad,2020-11-26,29.083333333333332,68.93333333333334,2,-14,0.4544270833333333,-14
2020-12-10,av_ad,2020-11-27,34.08333333333333,69.37142857142857,2,-13,0.5325520833333333,-13
2020-12-10,av_ad,2020-11-29,35.08333333333333,69.33333333333333,2,-11,0.5481770833333333,-11
2020-12-10,av_ad,2020-11-30,38.08333333333333,69.07692307692308,2,-10,0.5950520833333333,-10
2020-12-10,av_ad,2020-12-01,41.08333333333333,69.14285714285714,2,-9,0.6419270833333333,-9
2020-12-10,av_ad,2020-12-03,46.08333333333333,69.68085106382979,2,-7,0.7200520833333333,-7
2020-12-10,av_ad,2020-12-05,50.08333333333333,70.19607843137256,2,-5,0.7825520833333333,-5
2020-12-10,av_ad,2020-12-06,51.08333333333333,70.28846153846153,2,-4,0.7981770833333333,-4
2020-12-10,av_ad,2020-12-07,56.08333333333333,70.63157894736842,2,-3,0.8763020833333333,-3
2020-12-10,av_ad,2020-12-08,60.08333333333333,70.8360655737705,2,-2,0.9388020833333333,-2
2020-12-10,av_ad,2020-12-09,61.08333333333333,70.74193548387096,2,-1,0.9544270833333333,-1
2020-12-10,av_ad,2020-12-10,62.08333333333333,70.77777777777777,2,0,0.9700520833333333,0
2020-12-11,av_ad,2020-09-16,1.0,70.0,2,-36,0.015625,-86
2020-12-11,av_ad,2020-10-26,2.0,70.0,2,-30,0.03125,-46
2020-12-11,av_ad,2020-11-01,3.0,70.0,2,-29,0.046875,-40
2020-12-11,av_ad,2020-11-04,3.8333333333333335,68.75,2,-29,0.059895833333333336,-37
2020-12-11,av_ad,2020-11-09,5.833333333333334,70.83333333333333,2,-28,0.09114583333333334,-32
2020-12-11,av_ad,2020-11-11,6.833333333333334,72.14285714285714,2,-28,0.10677083333333334,-30
2020-12-11,av_ad,2020-11-12,7.833333333333334,71.875,2,-28,0.12239583333333334,-29
2020-12-11,av_ad,2020-11-14,8.833333333333334,71.66666666666667,2,-27,0.13802083333333334,-27
2020-12-11,av_ad,2020-11-15,9.833333333333334,71.0,2,-26,0.15364583333333334,-26
2020-12-11,av_ad,2020-11-16,11.833333333333334,64.58333333333333,2,-25,0.18489583333333334,-25
2020-12-11,av_ad,2020-11-19,12.833333333333334,65.76923076923077,2,-22,0.20052083333333334,-22
2020-12-11,av_ad,2020-11-20,15.833333333333334,66.5625,2,-21,0.24739583333333334,-21
2020-12-11,av_ad,2020-11-22,20.833333333333336,66.9047619047619,2,-19,0.32552083333333337,-19
2020-12-11,av_ad,2020-11-23,21.833333333333336,67.04545454545455,2,-18,0.34114583333333337,-18
2020-12-11,av_ad,2020-11-25,23.416666666666668,64.16666666666667,2,-16,0.3658854166666667,-16
2020-12-11,av_ad,2020-11-26,26.333333333333336,64.62962962962963,2,-15,0.41145833333333337,-15
2020-12-11,av_ad,2020-11-27,31.333333333333336,65.78125,2,-14,0.48958333333333337,-14
2020-12-11,av_ad,2020-11-29,32.333333333333336,65.84848484848484,2,-12,0.5052083333333334,-12
2020-12-11,av_ad,2020-11-30,34.333333333333336,65.88571428571429,2,-11,0.5364583333333334,-11
2020-12-11,av_ad,2020-12-01,37.333333333333336,66.07894736842105,2,-10,0.5833333333333334,-10
2020-12-11,av_ad,2020-12-02,38.333333333333336,66.17948717948718,2,-9,0.5989583333333334,-9
2020-12-11,av_ad,2020-12-03,42.333333333333336,67.02325581395348,2,-8,0.6614583333333334,-8
2020-12-11,av_ad,2020-12-04,43.583333333333336,67.04444444444445,2,-7,0.6809895833333334,-7
2020-12-11,av_ad,2020-12-05,45.583333333333336,67.38297872340425,2,-6,0.7122395833333334,-6
2020-12-11,av_ad,2020-12-06,46.583333333333336,67.54166666666667,2,-5,0.7278645833333334,-5
2020-12-11,av_ad,2020-12-07,51.583333333333336,68.16981132075472,2,-4,0.8059895833333334,-4
2020-12-11,av_ad,2020-12-08,55.583333333333336,68.64912280701755,2,-3,0.8684895833333334,-3
2020-12-11,av_ad,2020-12-09,56.583333333333336,68.58620689655173,2,-2,0.8841145833333334,-2
2020-12-11,av_ad,2020-12-10,60.333333333333336,68.56451612903226,2,-1,0.9427083333333334,-1
2020-12-12,av_ad,2020-09-16,1.0,70.0,2,-36,0.015625,-87
2020-12-12,av_ad,2020-10-11,2.0,70.0,2,-32,0.03125,-62
2020-12-12,av_ad,2020-10-26,3.0,70.0,2,-30,0.046875,-47
2020-12-12,av_ad,2020-10-29,4.0,68.75,2,-30,0.0625,-44
2020-12-12,av_ad,2020-11-01,5.0,69.0,2,-29,0.078125,-41
2020-12-12,av_ad,2020-11-04,6.0,68.33333333333333,2,-29,0.09375,-38
2020-12-12,av_ad,2020-11-06,7.0,67.85714285714286,2,-29,0.109375,-36
2020-12-12,av_ad,2020-11-09,9.0,69.44444444444444,2,-28,0.140625,-33
2020-12-12,av_ad,2020-11-10,10.0,69.0,2,-28,0.15625,-32
2020-12-12,av_ad,2020-11-11,12.0,70.0,2,-28,0.1875,-31
2020-12-12,av_ad,2020-11-14,13.0,70.0,2,-28,0.203125,-28
2020-12-12,av_ad,2020-11-15,14.0,69.64285714285714,2,-27,0.21875,-27
2020-12-12,av_ad,2020-11-16,17.0,65.0,2,-26,0.265625,-26
2020-12-12,av_ad,2020-11-19,18.0,65.27777777777777,2,-23,0.28125,-23
2020-12-12,av_ad,2020-11-20,21.0,65.95238095238095,2,-22,0.328125,-22
2020-12-12,av_ad,2020-11-22,28.0,66.25,2,-20,0.4375,-20
2020-12-12,av_ad,2020-11-23,29.0,66.37931034482759,2,-19,0.453125,-19
2020-12-12,av_ad,2020-11-25,32.0,64.21875,2,-17,0.5,-17
2020-12-12,av_ad,2020-11-26,35.0,64.57142857142857,2,-16,0.546875,-16
2020-12-12,av_ad,2020-11-27,36.0,64.86111111111111,2,-15,0.5625,-15
2020-12-12,av_ad,2020-11-29,37.0,64.94594594594595,2,-13,0.578125,-13
2020-12-12,av_ad,2020-12-01,42.0,65.19047619047619,2,-11,0.65625,-11
2020-12-12,av_ad,2020-12-02,43.0,65.30232558139535,2,-10,0.671875,-10
2020-12-12,av_ad,2020-12-03,45.0,65.86666666666666,2,-9,0.703125,-9
2020-12-12,av_ad,2020-12-04,47.0,65.93617021276596,2,-8,0.734375,-8
2020-12-12,av_ad,2020-12-05,49.0,66.0,2,-7,0.765625,-7
2020-12-12,av_ad,2020-12-07,53.666666666666664,66.57407407407408,2,-5,0.8385416666666666,-5
2020-12-12,av_ad,2020-12-08,56.666666666666664,66.9298245614035,2,-4,0.8854166666666666,-4
2020-12-12,av_ad,2020-12-09,57.666666666666664,66.89655172413794,2,-3,0.9010416666666666,-3
2020-12-12,av_ad,2020-12-10,62.0,66.98412698412699,2,-2,0.96875,-2
2020-12-12,av_ad,2020-12-11,66.0,66.86567164179104,2,-1,1.03125,-1
2020-12-12,av_ad,2020-12-12,67.0,66.83823529411765,2,0,1.046875,0
2020-12-13,av_ad,2020-10-11,1.0,70.0,2,-33,0.015625,-63
2020-12-13,av_ad,2020-10-13,2.0,70.0,2,-32,0.03125,-61
2020-12-13,av_ad,2020-10-20,2.5,68.33333333333333,2,-31,0.0390625,-54
2020-12-13,av_ad,2020-10-26,3.5,68.75,2,-30,0.0546875,-48
2020-12-13,av_ad,2020-10-29,4.5,68.0,2,-30,0.0703125,-45
2020-12-13,av_ad,2020-11-04,5.5,67.5,2,-29,0.0859375,-39
2020-12-13,av_ad,2020-11-06,6.5,67.14285714285714,2,-29,0.1015625,-37
2020-12-13,av_ad,2020-11-09,8.5,68.88888888888889,2,-28,0.1328125,-34
2020-12-13,av_ad,2020-11-10,9.5,68.5,2,-28,0.1484375,-33
2020-12-13,av_ad,2020-11-11,11.5,69.58333333333333,2,-28,0.1796875,-32
2020-12-13,av_ad,2020-11-15,12.5,69.23076923076923,2,-28,0.1953125,-28
2020-12-13,av_ad,2020-11-16,13.5,68.92857142857143,2,-27,0.2109375,-27
2020-12-13,av_ad,2020-11-19,14.5,69.0,2,-24,0.2265625,-24
2020-12-13,av_ad,2020-11-22,20.5,68.33333333333333,2,-21,0.3203125,-21
2020-12-13,av_ad,2020-11-23,23.083333333333332,68.33333333333333,2,-20,0.3606770833333333,-20
2020-12-13,av_ad,2020-11-25,27.083333333333332,65.53571428571429,2,-18,0.4231770833333333,-18
2020-12-13,av_ad,2020-11-26,29.083333333333332,66.0,2,-17,0.4544270833333333,-17
2020-12-13,av_ad,2020-11-27,30.083333333333332,65.96774193548387,2,-16,0.4700520833333333,-16
2020-12-13,av_ad,2020-11-30,31.083333333333332,66.09375,2,-13,0.4856770833333333,-13
2020-12-13,av_ad,2020-12-01,35.08333333333333,66.11111111111111,2,-12,0.5481770833333333,-12
2020-12-13,av_ad,2020-12-02,36.08333333333333,66.21621621621621,2,-11,0.5638020833333333,-11
2020-12-13,av_ad,2020-12-03,38.08333333333333,66.82051282051282,2,-10,0.5950520833333333,-10
2020-12-13,av_ad,2020-12-04,40.08333333333333,66.85365853658537,2,-9,0.6263020833333333,-9
2020-12-13,av_ad,2020-12-05,43.08333333333333,66.8409090909091,2,-8,0.6731770833333333,-8
2020-12-13,av_ad,2020-12-06,44.08333333333333,66.8,2,-7,0.6888020833333333,-7
2020-12-13,av_ad,2020-12-07,47.08333333333333,66.89583333333333,2,-6,0.7356770833333333,-6
2020-12-13,av_ad,2020-12-08,49.08333333333333,67.22,2,-5,0.7669270833333333,-5
2020-12-13,av_ad,2020-12-10,53.08333333333333,67.05555555555556,2,-3,0.8294270833333333,-3
2020-12-13,av_ad,2020-12-11,57.08333333333333,66.91379310344827,2,-2,0.8919270833333333,-2
2020-12-13,av_ad,2020-12-12,58.08333333333333,66.88135593220339,2,-1,0.9075520833333333,-1
2020-12-14,av_ad,2020-10-13,1.0,70.0,1,-32,0.015625,-62
2020-12-14,av_ad,2020-10-20,2.0,67.5,1,-31,0.03125,-55
2020-12-14,av_ad,2020-10-21,3.0,68.33333333333333,1,-31,0.046875,-54
2020-12-14,av_ad,2020-10-26,4.0,68.75,1,-31,0.0625,-49
2020-12-14,av_ad,2020-10-29,5.0,68.0,1,-30,0.078125,-46
2020-12-14,av_ad,2020-11-06,6.0,67.5,1,-29,0.09375,-38
2020-12-14,av_ad,2020-11-07,7.0,67.14285714285714,1,-29,0.109375,-37
2020-12-14,av_ad,2020-11-09,9.0,68.88888888888889,1,-29,0.140625,-35
2020-12-14,av_ad,2020-11-10,10.0,68.5,1,-28,0.15625,-34
2020-12-14,av_ad,2020-11-11,12.0,69.58333333333333,1,-28,0.1875,-33
2020-12-14,av_ad,2020-11-15,13.0,69.23076923076923,1,-28,0.203125,-29
2020-12-14,av_ad,2020-11-16,15.0,69.0,1,-28,0.234375,-28
2020-12-14,av_ad,2020-11-17,16.0,69.0625,1,-27,0.25,-27
2020-12-14,av_ad,2020-11-19,17.0,69.11764705882354,1,-25,0.265625,-25
2020-12-14,av_ad,2020-11-21,18.0,69.16666666666667,1,-23,0.28125,-23
2020-12-14,av_ad,2020-11-22,21.0,68.80952380952381,1,-22,0.328125,-22
2020-12-14,av_ad,2020-11-23,26.0,68.84615384615384,1,-21,0.40625,-21
2020-12-14,av_ad,2020-11-25,28.0,68.57142857142857,1,-19,0.4375,-19
2020-12-14,av_ad,2020-11-26,29.0,68.96551724137932,1,-18,0.453125,-18
2020-12-14,av_ad,2020-11-27,30.0,68.83333333333333,1,-17,0.46875,-17
2020-12-14,av_ad,2020-11-30,31.0,68.87096774193549,1,-14,0.484375,-14
2020-12-14,av_ad,2020-12-01,34.0,68.52941176470588,1,-13,0.53125,-13
2020-12-14,av_ad,2020-12-02,35.0,68.57142857142857,1,-12,0.546875,-12
2020-12-14,av_ad,2020-12-03,37.0,68.45945945945945,1,-11,0.578125,-11
2020-12-14,av_ad,2020-12-04,39.0,68.41025641025641,1,-10,0.609375,-10
2020-12-14,av_ad,2020-12-05,41.0,68.1219512195122,1,-9,0.640625,-9
2020-12-14,av_ad,2020-12-06,42.0,68.04761904761905,1,-8,0.65625,-8
2020-12-14,av_ad,2020-12-07,46.0,67.84782608695652,1,-7,0.71875,-7
2020-12-14,av_ad,2020-12-08,48.0,68.14583333333333,1,-6,0.75,-6
2020-12-14,av_ad,2020-12-10,52.0,67.8076923076923,1,-4,0.8125,-4
2020-12-14,av_ad,2020-12-11,55.0,67.65454545454546,1,-3,0.859375,-3
2020-12-14,av_ad,2020-12-12,56.0,67.60714285714286,1,-2,0.875,-2
2020-12-15,av_ad,2020-10-13,1.0,70.0,1,-33,0.015625,-63
2020-12-15,av_ad,2020-10-20,2.0,67.5,1,-32,0.03125,-56
2020-12-15,av_ad,2020-10-21,3.0,68.33333333333333,1,-31,0.046875,-55
2020-12-15,av_ad,2020-10-26,4.0,68.75,1,-31,0.0625,-50
2020-12-15,av_ad,2020-10-29,5.0,68.0,1,-30,0.078125,-47
2020-12-15,av_ad,2020-11-07,6.0,67.5,1,-29,0.09375,-38
2020-12-15,av_ad,2020-11-09,8.0,69.375,1,-29,0.125,-36
2020-12-15,av_ad,2020-11-11,9.0,70.55555555555556,1,-28,0.140625,-34
2020-12-15,av_ad,2020-11-12,10.0,70.5,1,-28,0.15625,-33
2020-12-15,av_ad,2020-11-15,11.0,70.0,1,-28,0.171875,-30
2020-12-15,av_ad,2020-11-16,12.0,70.0,1,-28,0.1875,-29
2020-12-15,av_ad,2020-11-17,13.0,70.0,1,-28,0.203125,-28
2020-12-15,av_ad,2020-11-20,14.0,70.92857142857143,1,-25,0.21875,-25
2020-12-15,av_ad,2020-11-21,15.0,70.86666666666666,1,-24,0.234375,-24
2020-12-15,av_ad,2020-11-22,16.0,70.5,1,-23,0.25,-23
2020-12-15,av_ad,2020-11-23,20.0,70.15,1,-22,0.3125,-22
2020-12-15,av_ad,2020-11-25,21.0,69.9047619047619,1,-20,0.328125,-20
2020-12-15,av_ad,2020-11-26,22.0,70.13636363636364,1,-19,0.34375,-19
2020-12-15,av_ad,2020-11-27,23.0,69.91304347826087,1,-18,0.359375,-18
2020-12-15,av_ad,2020-11-30,24.0,69.91666666666667,1,-15,0.375,-15
2020-12-15,av_ad,2020-12-01,25.0,69.72,1,-14,0.390625,-14
2020-12-15,av_ad,2020-12-03,26.0,68.96153846153847,1,-12,0.40625,-12
2020-12-15,av_ad,2020-12-04,27.0,69.0,1,-11,0.421875,-11
2020-12-15,av_ad,2020-12-05,29.0,68.55172413793103,1,-10,0.453125,-10
2020-12-15,av_ad,2020-12-06,30.0,68.43333333333334,1,-9,0.46875,-9
2020-12-15,av_ad,2020-12-07,34.0,66.3529411764706,1,-8,0.53125,-8
2020-12-15,av_ad,2020-12-08,35.0,66.74285714285715,1,-7,0.546875,-7
2020-12-15,av_ad,2020-12-10,36.0,66.55555555555556,1,-5,0.5625,-5
2020-12-15,av_ad,2020-12-11,38.0,66.47368421052632,1,-4,0.59375,-4
2020-12-15,av_ad,2020-12-12,39.0,66.43589743589743,1,-3,0.609375,-3
2020-12-15,av_ad,2020-12-13,40.0,66.65,1,-2,0.625,-2
2020-12-15,av_ad,2020-12-15,41.0,67.04878048780488,1,0,0.640625,0
2020-12-16,av_ad,2020-10-13,1.0,70.0,1,-33,0.015625,-64
2020-12-16,av_ad,2020-10-20,2.0,67.5,1,-32,0.03125,-57
2020-12-16,av_ad,2020-10-21,3.0,68.33333333333333,1,-32,0.046875,-56
2020-12-16,av_ad,2020-10-26,4.0,68.75,1,-31,0.0625,-51
2020-12-16,av_ad,2020-10-29,5.0,68.0,1,-30,0.078125,-48
2020-12-16,av_ad,2020-11-06,6.0,68.33333333333333,1,-29,0.09375,-40
2020-12-16,av_ad,2020-11-07,7.0,67.85714285714286,1,-29,0.109375,-39
2020-12-16,av_ad,2020-11-09,10.0,70.0,1,-29,0.15625,-37
2020-12-16,av_ad,2020-11-11,11.0,70.9090909090909,1,-29,0.171875,-35
2020-12-16,av_ad,2020-11-12,12.0,70.83333333333333,1,-28,0.1875,-34
2020-12-16,av_ad,2020-11-15,13.0,70.38461538461539,1,-28,0.203125,-31
2020-12-16,av_ad,2020-11-16,15.0,70.33333333333333,1,-28,0.234375,-30
2020-12-16,av_ad,2020-11-17,16.25,70.29411764705883,1,-28,0.25390625,-29
2020-12-16,av_ad,2020-11-18,17.25,70.44444444444444,1,-28,0.26953125,-28
2020-12-16,av_ad,2020-11-20,18.25,71.10526315789474,1,-26,0.28515625,-26
2020-12-16,av_ad,2020-11-21,19.25,71.05,1,-25,0.30078125,-25
2020-12-16,av_ad,2020-11-22,20.25,70.76190476190476,1,-24,0.31640625,-24
2020-12-16,av_ad,2020-11-23,24.25,70.44,1,-23,0.37890625,-23
2020-12-16,av_ad,2020-11-25,25.25,70.23076923076923,1,-21,0.39453125,-21
2020-12-16,av_ad,2020-11-26,26.25,70.4074074074074,1,-20,0.41015625,-20
2020-12-16,av_ad,2020-11-30,27.25,70.39285714285714,1,-16,0.42578125,-16
2020-12-16,av_ad,2020-12-03,28.25,69.6896551724138,1,-13,0.44140625,-13
2020-12-16,av_ad,2020-12-05,29.25,69.53333333333333,1,-11,0.45703125,-11
2020-12-16,av_ad,2020-12-06,30.25,69.38709677419355,1,-10,0.47265625,-10
2020-12-16,av_ad,2020-12-07,33.25,67.17647058823529,1,-9,0.51953125,-9
2020-12-16,av_ad,2020-12-08,35.05555555555556,67.33333333333333,1,-8,0.5477430555555556,-8
2020-12-16,av_ad,2020-12-10,36.05555555555556,67.13513513513513,1,-6,0.5633680555555556,-6
2020-12-16,av_ad,2020-12-11,37.05555555555556,67.07894736842105,1,-5,0.5789930555555556,-5
2020-12-16,av_ad,2020-12-13,38.05555555555556,67.28205128205128,1,-3,0.5946180555555556,-3
2020-12-16,av_ad,2020-12-14,41.72222222222222,67.37209302325581,1,-2,0.6519097222222222,-2
2020-12-16,av_ad,2020-12-15,42.72222222222222,67.43181818181819,1,-1,0.6675347222222222,-1
2020-12-17,av_ad,2020-10-13,1.0,70.0,2,-33,0.015625,-65
2020-12-17,av_ad,2020-10-21,2.0,70.0,2,-32,0.03125,-57
2020-12-17,av_ad,2020-11-06,3.0,70.0,2,-29,0.046875,-41
2020-12-17,av_ad,2020-11-07,4.0,68.75,2,-29,0.0625,-40
2020-12-17,av_ad,2020-11-09,7.0,71.42857142857143,2,-29,0.109375,-38
2020-12-17,av_ad,2020-11-11,8.0,72.5,2,-29,0.125,-36
2020-12-17,av_ad,2020-11-12,9.0,72.22222222222223,2,-29,0.140625,-35
2020-12-17,av_ad,2020-11-15,10.0,71.5,2,-28,0.15625,-32
2020-12-17,av_ad,2020-11-16,12.0,71.25,2,-28,0.1875,-31
2020-12-17,av_ad,2020-11-17,13.0,71.15384615384616,2,-28,0.203125,-30
2020-12-17,av_ad,2020-11-18,14.0,71.28571428571429,2,-28,0.21875,-29
2020-12-17,av_ad,2020-11-20,15.0,72.06666666666666,2,-27,0.234375,-27
2020-12-17,av_ad,2020-11-21,16.0,71.9375,2,-26,0.25,-26
2020-12-17,av_ad,2020-11-22,17.0,71.52941176470588,2,-25,0.265625,-25
2020-12-17,av_ad,2020-11-23,23.0,70.47826086956522,2,-24,0.359375,-24
2020-12-17,av_ad,2020-11-25,24.0,70.25,2,-22,0.375,-22
2020-12-17,av_ad,2020-11-26,25.0,70.44,2,-21,0.390625,-21
2020-12-17,av_ad,2020-11-30,26.0,70.42307692307692,2,-17,0.40625,-17
2020-12-17,av_ad,2020-12-03,27.0,69.66666666666667,2,-14,0.421875,-14
2020-12-17,av_ad,2020-12-06,28.0,69.5,2,-11,0.4375,-11
2020-12-17,av_ad,2020-12-07,31.0,67.06451612903226,2,-10,0.484375,-10
2020-12-17,av_ad,2020-12-08,32.0,66.84375,2,-9,0.5,-9
2020-12-17,av_ad,2020-12-09,33.0,66.57575757575758,2,-8,0.515625,-8
2020-12-17,av_ad,2020-12-11,34.0,66.52941176470588,2,-6,0.53125,-6
2020-12-17,av_ad,2020-12-14,38.0,66.71052631578948,2,-3,0.59375,-3
2020-12-17,av_ad,2020-12-15,39.0,66.7948717948718,2,-2,0.609375,-2
2020-12-18,av_ad,2020-10-13,1.0,70.0,2,-33,0.015625,-66
2020-12-18,av_ad,2020-10-21,2.0,70.0,2,-32,0.03125,-58
2020-12-18,av_ad,2020-11-06,3.0,70.0,2,-30,0.046875,-42
2020-12-18,av_ad,2020-11-07,4.0,68.75,2,-29,0.0625,-41
2020-12-18,av_ad,2020-11-09,7.0,71.42857142857143,2,-29,0.109375,-39
2020-12-18,av_ad,2020-11-11,8.0,72.5,2,-29,0.125,-37
2020-12-18,av_ad,2020-11-12,9.0,72.22222222222223,2,-29,0.140625,-36
2020-12-18,av_ad,2020-11-16,10.0,72.0,2,-28,0.15625,-32
2020-12-18,av_ad,2020-11-17,11.0,71.81818181818181,2,-28,0.171875,-31
2020-12-18,av_ad,2020-11-18,12.0,71.91666666666667,2,-28,0.1875,-30
2020-12-18,av_ad,2020-11-20,13.0,72.76923076923077,2,-28,0.203125,-28
2020-12-18,av_ad,2020-11-21,14.0,72.57142857142857,2,-27,0.21875,-27
2020-12-18,av_ad,2020-11-23,19.0,71.10526315789474,2,-25,0.296875,-25
2020-12-18,av_ad,2020-11-25,20.0,70.8,2,-23,0.3125,-23
2020-12-18,av_ad,2020-11-26,21.0,71.0,2,-22,0.328125,-22
2020-12-18,av_ad,2020-11-27,22.583333333333332,68.95652173913044,2,-21,0.3528645833333333,-21
2020-12-18,av_ad,2020-12-03,23.583333333333332,68.16666666666667,2,-15,0.3684895833333333,-15
2020-12-18,av_ad,2020-12-06,24.583333333333332,68.04,2,-12,0.3841145833333333,-12
2020-12-18,av_ad,2020-12-07,26.583333333333332,65.51851851851852,2,-11,0.4153645833333333,-11
2020-12-18,av_ad,2020-12-08,27.583333333333332,65.32142857142857,2,-10,0.4309895833333333,-10
2020-12-18,av_ad,2020-12-09,28.583333333333332,65.06896551724138,2,-9,0.4466145833333333,-9
2020-12-18,av_ad,2020-12-11,29.583333333333332,65.06666666666666,2,-7,0.4622395833333333,-7
2020-12-18,av_ad,2020-12-14,31.583333333333332,65.0625,2,-4,0.4934895833333333,-4
2020-12-18,av_ad,2020-12-15,32.58333333333333,65.21212121212122,2,-3,0.5091145833333333,-3
2020-12-19,av_ad,2020-11-02,1.0,65.0,2,-30,0.015625,-47
2020-12-19,av_ad,2020-11-06,2.0,67.5,2,-30,0.03125,-43
2020-12-19,av_ad,2020-11-07,3.0,66.66666666666667,2,-30,0.046875,-42
2020-12-19,av_ad,2020-11-09,6.0,70.83333333333333,2,-29,0.09375,-40
2020-12-19,av_ad,2020-11-11,7.0,72.14285714285714,2,-29,0.109375,-38
2020-12-19,av_ad,2020-11-16,8.0,71.875,2,-28,0.125,-33
2020-12-19,av_ad,2020-11-17,10.0,72.5,2,-28,0.15625,-32
2020-12-19,av_ad,2020-11-18,11.0,72.54545454545455,2,-28,0.171875,-31
2020-12-19,av_ad,2020-11-20,12.0,73.41666666666667,2,-28,0.1875,-29
2020-12-19,av_ad,2020-11-21,13.0,73.15384615384616,2,-28,0.203125,-28
2020-12-19,av_ad,2020-11-23,17.0,71.52941176470588,2,-26,0.265625,-26
2020-12-19,av_ad,2020-11-24,18.0,71.44444444444444,2,-25,0.28125,-25
2020-12-19,av_ad,2020-11-25,20.0,70.8,2,-24,0.3125,-24
2020-12-19,av_ad,2020-11-27,22.0,68.68181818181819,2,-22,0.34375,-22
2020-12-19,av_ad,2020-12-03,23.0,67.8695652173913,2,-16,0.359375,-16
2020-12-19,av_ad,2020-12-07,24.0,65.45833333333333,2,-12,0.375,-12
2020-12-19,av_ad,2020-12-11,25.0,65.44,2,-8,0.390625,-8
2020-12-19,av_ad,2020-12-14,27.0,65.22222222222223,2,-5,0.421875,-5
2020-12-19,av_ad,2020-12-15,28.0,65.39285714285714,2,-4,0.4375,-4
2020-12-20,av_ad,2020-10-24,1.0,65.0,2,-32,0.015625,-57
2020-12-20,av_ad,2020-10-26,2.0,67.5,2,-31,0.03125,-55
2020-12-20,av_ad,2020-11-01,3.0,66.66666666666667,2,-31,0.046875,-49
2020-12-20,av_ad,2020-11-02,4.0,66.25,2,-30,0.0625,-48
2020-12-20,av_ad,2020-11-04,6.0,65.83333333333333,2,-30,0.09375,-46
2020-12-20,av_ad,2020-11-06,7.0,66.42857142857143,2,-30,0.109375,-44
2020-12-20,av_ad,2020-11-07,8.0,66.25,2,-30,0.125,-43
2020-12-20,av_ad,2020-11-09,10.0,68.0,2,-29,0.15625,-41
2020-12-20,av_ad,2020-11-10,11.0,68.18181818181819,2,-29,0.171875,-40
2020-12-20,av_ad,2020-11-11,12.0,69.16666666666667,2,-29,0.1875,-39
2020-12-20,av_ad,2020-11-16,14.0,69.28571428571429,2,-28,0.21875,-34
2020-12-20,av_ad,2020-11-17,16.0,70.0,2,-28,0.25,-33
2020-12-20,av_ad,2020-11-20,17.0,70.76470588235294,2,-28,0.265625,-30
2020-12-20,av_ad,2020-11-21,18.0,70.72222222222223,2,-28,0.28125,-29
2020-12-20,av_ad,2020-11-23,22.0,69.9090909090909,2,-27,0.34375,-27
2020-12-20,av_ad,2020-11-24,23.0,69.91304347826087,2,-26,0.359375,-26
2020-12-20,av_ad,2020-11-25,24.0,69.70833333333333,2,-25,0.375,-25
2020-12-20,av_ad,2020-11-27,26.0,68.0,2,-23,0.40625,-23
2020-12-20,av_ad,2020-12-03,27.0,67.33333333333333,2,-17,0.421875,-17
2020-12-20,av_ad,2020-12-11,28.0,67.25,2,-9,0.4375,-9
2020-12-20,av_ad,2020-12-13,29.0,66.65517241379311,2,-7,0.453125,-7
2020-12-20,av_ad,2020-12-14,31.0,66.38709677419355,2,-6,0.484375,-6
2020-12-21,av_ad,2020-10-24,1.0,65.0,1,-32,0.015625,-58
2020-12-21,av_ad,2020-10-26,2.0,67.5,1,-32,0.03125,-56
2020-12-21,av_ad,2020-11-01,3.0,66.66666666666667,1,-31,0.046875,-50
2020-12-21,av_ad,2020-11-02,4.0,66.25,1,-31,0.0625,-49
2020-12-21,av_ad,2020-11-04,7.0,67.14285714285714,1,-30,0.109375,-47
2020-12-21,av_ad,2020-11-06,8.0,67.5,1,-30,0.125,-45
2020-12-21,av_ad,2020-11-07,9.0,67.22222222222223,1,-30,0.140625,-44
2020-12-21,av_ad,2020-11-09,12.0,62.916666666666664,1,-30,0.1875,-42
2020-12-21,av_ad,2020-11-10,13.0,63.46153846153846,1,-29,0.203125,-41
2020-12-21,av_ad,2020-11-11,14.0,64.64285714285714,1,-29,0.21875,-40
2020-12-21,av_ad,2020-11-16,15.0,65.0,1,-29,0.234375,-35
2020-12-21,av_ad,2020-11-17,16.0,65.9375,1,-28,0.25,-34
2020-12-21,av_ad,2020-11-18,17.0,66.17647058823529,1,-28,0.265625,-33
2020-12-21,av_ad,2020-11-20,18.0,67.11111111111111,1,-28,0.28125,-31
2020-12-21,av_ad,2020-11-23,22.0,66.95454545454545,1,-28,0.34375,-28
2020-12-21,av_ad,2020-11-24,23.0,67.08695652173913,1,-27,0.359375,-27
2020-12-21,av_ad,2020-11-25,25.0,67.12,1,-26,0.390625,-26
2020-12-21,av_ad,2020-11-27,27.0,65.66666666666667,1,-24,0.421875,-24
2020-12-21,av_ad,2020-11-30,28.0,64.67857142857143,1,-21,0.4375,-21
2020-12-21,av_ad,2020-12-03,29.0,64.17241379310344,1,-18,0.453125,-18
2020-12-21,av_ad,2020-12-11,30.0,64.2,1,-10,0.46875,-10
2020-12-21,av_ad,2020-12-13,31.0,63.74193548387097,1,-8,0.484375,-8
2020-12-21,av_ad,2020-12-14,32.0,63.78125,1,-7,0.5,-7
2020-12-22,av_ad,2020-10-24,1.0,65.0,1,-32,0.015625,-59
2020-12-22,av_ad,2020-10-26,2.0,67.5,1,-32,0.03125,-57
2020-12-22,av_ad,2020-11-01,3.0,66.66666666666667,1,-31,0.046875,-51
2020-12-22,av_ad,2020-11-04,6.0,67.5,1,-30,0.09375,-48
2020-12-22,av_ad,2020-11-06,7.0,67.85714285714286,1,-30,0.109375,-46
2020-12-22,av_ad,2020-11-09,11.0,63.18181818181818,1,-30,0.171875,-43
2020-12-22,av_ad,2020-11-10,12.0,63.75,1,-30,0.1875,-42
2020-12-22,av_ad,2020-11-11,13.0,65.0,1,-29,0.203125,-41
2020-12-22,av_ad,2020-11-16,14.0,65.35714285714286,1,-29,0.21875,-36
2020-12-22,av_ad,2020-11-17,15.0,66.33333333333333,1,-29,0.234375,-35
2020-12-22,av_ad,2020-11-18,16.0,66.5625,1,-28,0.25,-34
2020-12-22,av_ad,2020-11-23,17.0,66.47058823529412,1,-28,0.265625,-29
2020-12-22,av_ad,2020-11-24,19.0,67.10526315789474,1,-28,0.296875,-28
2020-12-22,av_ad,2020-11-25,21.0,67.14285714285714,1,-27,0.328125,-27
2020-12-22,av_ad,2020-11-30,22.0,65.81818181818181,1,-22,0.34375,-22
2020-12-22,av_ad,2020-12-11,23.0,65.78260869565217,1,-11,0.359375,-11
2020-12-22,av_ad,2020-12-13,24.0,65.125,1,-9,0.375,-9
2020-12-22,av_ad,2020-12-14,25.0,65.12,1,-8,0.390625,-8
2020-12-23,av_ad,2020-10-24,1.0,65.0,3,-32,0.015625,-60
2020-12-23,av_ad,2020-10-26,2.0,67.5,3,-32,0.03125,-58
2020-12-23,av_ad,2020-10-28,2.25,70.0,3,-32,0.03515625,-56
2020-12-23,av_ad,2020-10-30,3.25,70.0,3,-31,0.05078125,-54
2020-12-23,av_ad,2020-11-01,4.25,69.0,3,-31,0.06640625,-52
2020-12-23,av_ad,2020-11-04,7.25,68.75,3,-31,0.11328125,-49
2020-12-23,av_ad,2020-11-06,8.916666666666666,69.5,3,-30,0.13932291666666666,-47
2020-12-23,av_ad,2020-11-09,12.916666666666666,65.35714285714286,3,-30,0.20182291666666666,-44
2020-12-23,av_ad,2020-11-10,14.916666666666666,65.9375,3,-30,0.23307291666666666,-43
2020-12-23,av_ad,2020-11-11,15.916666666666666,66.76470588235294,3,-30,0.24869791666666666,-42
2020-12-23,av_ad,2020-11-12,16.916666666666664,66.11111111111111,3,-29,0.26432291666666663,-41
2020-12-23,av_ad,2020-11-16,18.916666666666664,65.75,3,-29,0.29557291666666663,-37
2020-12-23,av_ad,2020-11-18,19.916666666666664,65.95238095238095,3,-29,0.31119791666666663,-35
2020-12-23,av_ad,2020-11-23,20.916666666666664,65.9090909090909,3,-28,0.32682291666666663,-30
2020-12-23,av_ad,2020-11-24,21.916666666666664,66.30434782608695,3,-28,0.34244791666666663,-29
2020-12-23,av_ad,2020-11-25,23.916666666666664,66.4,3,-28,0.37369791666666663,-28
2020-12-23,av_ad,2020-11-30,24.916666666666664,65.3076923076923,3,-23,0.38932291666666663,-23
2020-12-23,av_ad,2020-12-10,25.916666666666664,64.18518518518519,3,-13,0.40494791666666663,-13
2020-12-23,av_ad,2020-12-11,27.916666666666664,62.0,3,-12,0.43619791666666663,-12
2020-12-23,av_ad,2020-12-14,28.916666666666664,62.1,3,-9,0.45182291666666663,-9
2020-12-24,av_ad,2020-09-29,1.0,70.0,3,-36,0.015625,-86
2020-12-24,av_ad,2020-10-24,2.0,67.5,3,-32,0.03125,-61
2020-12-24,av_ad,2020-10-26,3.0,68.33333333333333,3,-32,0.046875,-59
2020-12-24,av_ad,2020-10-28,4.0,70.0,3,-32,0.0625,-57
2020-12-24,av_ad,2020-10-30,5.0,70.0,3,-31,0.078125,-55
2020-12-24,av_ad,2020-11-01,6.0,69.16666666666667,3,-31,0.09375,-53
2020-12-24,av_ad,2020-11-04,8.0,68.125,3,-31,0.125,-50
2020-12-24,av_ad,2020-11-06,10.666666666666666,66.36363636363636,3,-30,0.16666666666666666,-48
2020-12-24,av_ad,2020-11-09,15.25,61.875,3,-30,0.23828125,-45
2020-12-24,av_ad,2020-11-10,17.25,62.77777777777778,3,-30,0.26953125,-44
2020-12-24,av_ad,2020-11-11,18.25,63.68421052631579,3,-30,0.28515625,-43
2020-12-24,av_ad,2020-11-12,20.75,60.68181818181818,3,-30,0.32421875,-42
2020-12-24,av_ad,2020-11-16,21.75,60.43478260869565,3,-29,0.33984375,-38
2020-12-24,av_ad,2020-11-18,22.75,60.833333333333336,3,-29,0.35546875,-36
2020-12-24,av_ad,2020-11-23,23.75,61.0,3,-28,0.37109375,-31
2020-12-24,av_ad,2020-11-24,24.75,61.53846153846154,3,-28,0.38671875,-30
2020-12-24,av_ad,2020-11-25,25.75,61.851851851851855,3,-28,0.40234375,-29
2020-12-24,av_ad,2020-11-29,26.75,60.17857142857143,3,-25,0.41796875,-25
2020-12-24,av_ad,2020-11-30,27.75,59.41379310344828,3,-24,0.43359375,-24
2020-12-24,av_ad,2020-12-08,28.75,58.1,3,-16,0.44921875,-16
2020-12-24,av_ad,2020-12-10,29.75,57.354838709677416,3,-14,0.46484375,-14
2020-12-24,av_ad,2020-12-11,31.75,55.84848484848485,3,-13,0.49609375,-13
2020-12-24,av_ad,2020-12-13,34.75,52.72222222222222,3,-11,0.54296875,-11
2020-12-24,av_ad,2020-12-14,35.75,53.054054054054056,3,-10,0.55859375,-10
2020-12-25,av_ad,2020-09-29,1.0,70.0,3,-36,0.015625,-87
2020-12-25,av_ad,2020-09-30,2.0,70.0,3,-36,0.03125,-86
2020-12-25,av_ad,2020-10-07,3.0,68.33333333333333,3,-35,0.046875,-79
2020-12-25,av_ad,2020-10-11,4.0,68.75,3,-34,0.0625,-75
2020-12-25,av_ad,2020-10-15,5.0,68.0,3,-34,0.078125,-71
2020-12-25,av_ad,2020-10-24,7.0,63.57142857142857,3,-32,0.109375,-62
2020-12-25,av_ad,2020-10-27,8.0,61.0,3,-32,0.125,-59
2020-12-25,av_ad,2020-10-28,9.0,62.55555555555556,3,-32,0.140625,-58
2020-12-25,av_ad,2020-10-30,10.0,63.3,3,-32,0.15625,-56
2020-12-25,av_ad,2020-10-31,11.0,61.18181818181818,3,-31,0.171875,-55
2020-12-25,av_ad,2020-11-01,12.0,61.5,3,-31,0.1875,-54
2020-12-25,av_ad,2020-11-02,14.0,52.714285714285715,3,-31,0.21875,-53
2020-12-25,av_ad,2020-11-04,17.0,53.411764705882355,3,-31,0.265625,-51
2020-12-25,av_ad,2020-11-06,19.0,53.8421052631579,3,-31,0.296875,-49
2020-12-25,av_ad,2020-11-09,23.0,55.78260869565217,3,-30,0.359375,-46
2020-12-25,av_ad,2020-11-10,25.0,56.92,3,-30,0.390625,-45
2020-12-25,av_ad,2020-11-11,26.0,57.80769230769231,3,-30,0.40625,-44
2020-12-25,av_ad,2020-11-12,29.0,56.13793103448276,3,-30,0.453125,-43
2020-12-25,av_ad,2020-11-16,30.0,56.1,3,-29,0.46875,-39
2020-12-25,av_ad,2020-11-17,31.0,55.41935483870968,3,-29,0.484375,-38
2020-12-25,av_ad,2020-11-18,32.0,55.875,3,-29,0.5,-37
2020-12-25,av_ad,2020-11-23,33.0,55.0,3,-28,0.515625,-32
2020-12-25,av_ad,2020-11-25,34.0,53.8235294117647,3,-28,0.53125,-30
2020-12-25,av_ad,2020-11-29,35.0,52.714285714285715,3,-26,0.546875,-26
2020-12-25,av_ad,2020-12-08,37.0,50.67567567567568,3,-17,0.578125,-17
2020-12-25,av_ad,2020-12-10,38.0,50.26315789473684,3,-15,0.59375,-15
2020-12-25,av_ad,2020-12-11,41.0,48.41463414634146,3,-14,0.640625,-14
2020-12-25,av_ad,2020-12-13,44.0,46.36363636363637,3,-12,0.6875,-12
2020-12-25,av_ad,2020-12-14,45.0,46.77777777777778,3,-11,0.703125,-11
2020-12-26,av_ad,2020-09-29,1.0,70.0,2,-36,0.015625,-88
2020-12-26,av_ad,2020-09-30,2.0,70.0,2,-36,0.03125,-87
2020-12-26,av_ad,2020-10-07,3.0,68.33333333333333,2,-35,0.046875,-80
2020-12-26,av_ad,2020-10-11,4.0,68.75,2,-34,0.0625,-76
2020-12-26,av_ad,2020-10-15,5.0,68.0,2,-34,0.078125,-72
2020-12-26,av_ad,2020-10-24,6.0,63.333333333333336,2,-33,0.09375,-63
2020-12-26,av_ad,2020-10-27,7.0,60.42857142857143,2,-32,0.109375,-60
2020-12-26,av_ad,2020-10-28,8.0,62.25,2,-32,0.125,-59
2020-12-26,av_ad,2020-10-31,9.0,59.77777777777778,2,-32,0.140625,-56
2020-12-26,av_ad,2020-11-01,10.0,60.3,2,-31,0.15625,-55
2020-12-26,av_ad,2020-11-02,12.0,50.25,2,-31,0.1875,-54
2020-12-26,av_ad,2020-11-04,14.0,50.57142857142857,2,-31,0.21875,-52
2020-12-26,av_ad,2020-11-06,16.0,51.4375,2,-31,0.25,-50
2020-12-26,av_ad,2020-11-09,20.0,54.15,2,-30,0.3125,-47
2020-12-26,av_ad,2020-11-10,21.0,54.904761904761905,2,-30,0.328125,-46
2020-12-26,av_ad,2020-11-11,22.0,56.04545454545455,2,-30,0.34375,-45
2020-12-26,av_ad,2020-11-12,24.0,55.125,2,-30,0.375,-44
2020-12-26,av_ad,2020-11-13,25.0,55.52,2,-30,0.390625,-43
2020-12-26,av_ad,2020-11-17,26.0,54.73076923076923,2,-29,0.40625,-39
2020-12-26,av_ad,2020-11-18,27.916666666666668,55.285714285714285,2,-29,0.4361979166666667,-38
2020-12-26,av_ad,2020-11-19,29.61111111111111,56.266666666666666,2,-29,0.4626736111111111,-37
2020-12-26,av_ad,2020-11-20,30.61111111111111,56.70967741935484,2,-29,0.4782986111111111,-36
2020-12-26,av_ad,2020-11-22,31.61111111111111,56.96875,2,-28,0.4939236111111111,-34
2020-12-26,av_ad,2020-11-23,32.611111111111114,56.06060606060606,2,-28,0.5095486111111112,-33
2020-12-26,av_ad,2020-11-25,33.611111111111114,54.85294117647059,2,-28,0.5251736111111112,-31
2020-12-26,av_ad,2020-11-29,34.611111111111114,53.714285714285715,2,-27,0.5407986111111112,-27
2020-12-26,av_ad,2020-12-08,37.611111111111114,50.78947368421053,2,-18,0.5876736111111112,-18
2020-12-26,av_ad,2020-12-10,38.611111111111114,50.38461538461539,2,-16,0.6032986111111112,-16
2020-12-26,av_ad,2020-12-11,40.611111111111114,49.75609756097561,2,-15,0.6345486111111112,-15
2020-12-26,av_ad,2020-12-13,43.611111111111114,47.61363636363637,2,-13,0.6814236111111112,-13
2020-12-26,av_ad,2020-12-14,44.611111111111114,48.0,2,-12,0.6970486111111112,-12
2020-12-27,av_ad,2020-09-29,1.0,70.0,2,-36,0.015625,-89
2020-12-27,av_ad,2020-09-30,2.0,70.0,2,-36,0.03125,-88
2020-12-27,av_ad,2020-10-07,3.0,68.33333333333333,2,-35,0.046875,-81
2020-12-27,av_ad,2020-10-09,3.611111111111111,67.5,2,-35,0.05642361111111111,-79
2020-12-27,av_ad,2020-10-11,4.611111111111111,68.0,2,-35,0.0720486111111111,-77
2020-12-27,av_ad,2020-10-15,5.611111111111111,67.5,2,-34,0.0876736111111111,-73
2020-12-27,av_ad,2020-10-24,6.611111111111111,63.57142857142857,2,-33,0.1032986111111111,-64
2020-12-27,av_ad,2020-10-27,7.611111111111111,61.0,2,-32,0.1189236111111111,-61
2020-12-27,av_ad,2020-10-28,8.61111111111111,62.55555555555556,2,-32,0.1345486111111111,-60
2020-12-27,av_ad,2020-10-31,9.61111111111111,60.3,2,-32,0.1501736111111111,-57
2020-12-27,av_ad,2020-11-01,10.61111111111111,60.72727272727273,2,-32,0.1657986111111111,-56
2020-12-27,av_ad,2020-11-02,12.61111111111111,51.38461538461539,2,-31,0.1970486111111111,-55
2020-12-27,av_ad,2020-11-04,14.61111111111111,51.53333333333333,2,-31,0.2282986111111111,-53
2020-12-27,av_ad,2020-11-06,16.61111111111111,52.23529411764706,2,-31,0.2595486111111111,-51
2020-12-27,av_ad,2020-11-08,17.61111111111111,52.94444444444444,2,-31,0.2751736111111111,-49
2020-12-27,av_ad,2020-11-09,21.61111111111111,55.13636363636363,2,-30,0.3376736111111111,-48
2020-12-27,av_ad,2020-11-10,23.61111111111111,56.166666666666664,2,-30,0.3689236111111111,-47
2020-12-27,av_ad,2020-11-11,24.61111111111111,57.12,2,-30,0.3845486111111111,-46
2020-12-27,av_ad,2020-11-12,25.61111111111111,56.26923076923077,2,-30,0.4001736111111111,-45
2020-12-27,av_ad,2020-11-13,26.61111111111111,56.592592592592595,2,-30,0.4157986111111111,-44
2020-12-27,av_ad,2020-11-16,27.61111111111111,56.892857142857146,2,-29,0.4314236111111111,-41
2020-12-27,av_ad,2020-11-17,29.61111111111111,56.43333333333333,2,-29,0.4626736111111111,-40
2020-12-27,av_ad,2020-11-18,31.61111111111111,56.8125,2,-29,0.4939236111111111,-39
2020-12-27,av_ad,2020-11-19,33.611111111111114,57.588235294117645,2,-29,0.5251736111111112,-38
2020-12-27,av_ad,2020-11-20,34.611111111111114,57.94285714285714,2,-29,0.5407986111111112,-37
2020-12-27,av_ad,2020-11-22,36.611111111111114,58.189189189189186,2,-29,0.5720486111111112,-35
2020-12-27,av_ad,2020-11-23,37.611111111111114,57.36842105263158,2,-28,0.5876736111111112,-34
2020-12-27,av_ad,2020-11-25,38.611111111111114,56.282051282051285,2,-28,0.6032986111111112,-32
2020-12-27,av_ad,2020-11-30,39.611111111111114,55.125,2,-27,0.6189236111111112,-27
2020-12-27,av_ad,2020-12-08,42.611111111111114,52.44186046511628,2,-19,0.6657986111111112,-19
2020-12-27,av_ad,2020-12-10,43.611111111111114,52.04545454545455,2,-17,0.6814236111111112,-17
2020-12-27,av_ad,2020-12-11,45.611111111111114,51.41304347826087,2,-16,0.7126736111111112,-16
2020-12-27,av_ad,2020-12-13,46.611111111111114,50.744680851063826,2,-14,0.7282986111111112,-14
2020-12-28,av_ad,2020-10-09,1.0,65.0,1,-35,0.015625,-80
2020-12-28,av_ad,2020-10-11,2.0,67.5,1,-35,0.03125,-78
2020-12-28,av_ad,2020-10-19,3.0,68.33333333333333,1,-34,0.046875,-70
2020-12-28,av_ad,2020-10-27,4.0,62.0,1,-32,0.0625,-62
2020-12-28,av_ad,2020-11-01,5.0,62.6,1,-32,0.078125,-57
2020-12-28,av_ad,2020-11-02,7.0,44.714285714285715,1,-32,0.109375,-56
2020-12-28,av_ad,2020-11-04,9.0,47.0,1,-31,0.140625,-54
2020-12-28,av_ad,2020-11-05,10.0,42.3,1,-31,0.15625,-53
2020-12-28,av_ad,2020-11-06,12.0,44.833333333333336,1,-31,0.1875,-52
2020-12-28,av_ad,2020-11-08,13.0,46.38461538461539,1,-31,0.203125,-50
2020-12-28,av_ad,2020-11-09,16.166666666666668,52.529411764705884,1,-31,0.2526041666666667,-49
2020-12-28,av_ad,2020-11-10,18.166666666666668,54.10526315789474,1,-30,0.2838541666666667,-48
2020-12-28,av_ad,2020-11-11,19.166666666666668,55.4,1,-30,0.2994791666666667,-47
2020-12-28,av_ad,2020-11-12,20.166666666666668,54.42857142857143,1,-30,0.3151041666666667,-46
2020-12-28,av_ad,2020-11-13,21.166666666666668,54.90909090909091,1,-30,0.3307291666666667,-45
2020-12-28,av_ad,2020-11-15,23.166666666666668,56.166666666666664,1,-30,0.3619791666666667,-43
2020-12-28,av_ad,2020-11-16,27.166666666666668,57.964285714285715,1,-30,0.4244791666666667,-42
2020-12-28,av_ad,2020-11-17,29.166666666666668,57.43333333333333,1,-29,0.4557291666666667,-41
2020-12-28,av_ad,2020-11-18,31.166666666666668,57.75,1,-29,0.4869791666666667,-40
2020-12-28,av_ad,2020-11-19,33.16666666666667,58.470588235294116,1,-29,0.5182291666666667,-39
2020-12-28,av_ad,2020-11-20,34.16666666666667,58.8,1,-29,0.5338541666666667,-38
2020-12-28,av_ad,2020-11-22,36.16666666666667,59.0,1,-29,0.5651041666666667,-36
2020-12-28,av_ad,2020-11-25,37.16666666666667,57.8421052631579,1,-28,0.5807291666666667,-33
2020-12-28,av_ad,2020-11-30,38.16666666666667,56.61538461538461,1,-28,0.5963541666666667,-28
2020-12-28,av_ad,2020-12-08,40.16666666666667,54.58536585365854,1,-20,0.6276041666666667,-20
2020-12-28,av_ad,2020-12-10,41.16666666666667,54.11904761904762,1,-18,0.6432291666666667,-18
2020-12-29,av_ad,2020-10-05,1.0,68.0,1,-36,0.015625,-85
2020-12-29,av_ad,2020-10-09,2.0,66.5,1,-35,0.03125,-81
2020-12-29,av_ad,2020-10-19,3.0,67.66666666666667,1,-34,0.046875,-71
2020-12-29,av_ad,2020-11-01,4.0,67.0,1,-32,0.0625,-58
2020-12-29,av_ad,2020-11-02,6.0,44.666666666666664,1,-32,0.09375,-57
2020-12-29,av_ad,2020-11-04,7.0,48.285714285714285,1,-31,0.109375,-55
2020-12-29,av_ad,2020-11-05,8.0,42.25,1,-31,0.125,-54
2020-12-29,av_ad,2020-11-06,9.0,45.888888888888886,1,-31,0.140625,-53
2020-12-29,av_ad,2020-11-08,12.833333333333334,52.92307692307692,1,-31,0.20052083333333334,-51
2020-12-29,av_ad,2020-11-09,16.833333333333336,57.529411764705884,1,-31,0.26302083333333337,-50
2020-12-29,av_ad,2020-11-10,18.833333333333336,58.578947368421055,1,-31,0.29427083333333337,-49
2020-12-29,av_ad,2020-11-11,19.833333333333336,59.65,1,-30,0.30989583333333337,-48
2020-12-29,av_ad,2020-11-12,20.833333333333336,58.476190476190474,1,-30,0.32552083333333337,-47
2020-12-29,av_ad,2020-11-15,23.833333333333336,60.041666666666664,1,-30,0.37239583333333337,-44
2020-12-29,av_ad,2020-11-16,27.833333333333336,61.285714285714285,1,-30,0.43489583333333337,-43
2020-12-29,av_ad,2020-11-17,29.833333333333336,61.7,1,-30,0.46614583333333337,-42
2020-12-29,av_ad,2020-11-18,31.833333333333336,61.75,1,-29,0.49739583333333337,-41
2020-12-29,av_ad,2020-11-20,32.833333333333336,62.0,1,-29,0.5130208333333334,-39
2020-12-29,av_ad,2020-11-22,33.833333333333336,61.94117647058823,1,-29,0.5286458333333334,-37
2020-12-29,av_ad,2020-11-27,34.833333333333336,62.17142857142857,1,-28,0.5442708333333334,-32
2020-12-29,av_ad,2020-11-30,35.833333333333336,60.72222222222222,1,-28,0.5598958333333334,-29
2020-12-29,av_ad,2020-12-10,36.833333333333336,60.027027027027025,1,-19,0.5755208333333334,-19
2020-12-29,av_ad,2020-12-11,37.833333333333336,59.76315789473684,1,-18,0.5911458333333334,-18
2020-12-29,av_ad,2020-12-14,38.833333333333336,60.282051282051285,1,-15,0.6067708333333334,-15
2020-12-30,av_ad,2020-10-05,1.0,68.0,3,-36,0.015625,-86
2020-12-30,av_ad,2020-10-09,2.0,66.5,3,-35,0.03125,-82
2020-12-30,av_ad,2020-10-19,3.0,67.66666666666667,3,-34,0.046875,-72
2020-12-30,av_ad,2020-11-01,5.0,68.2,3,-32,0.078125,-59
2020-12-30,av_ad,2020-11-02,7.0,48.714285714285715,3,-32,0.109375,-58
2020-12-30,av_ad,2020-11-04,8.0,51.375,3,-32,0.125,-56
2020-12-30,av_ad,2020-11-05,9.0,45.666666666666664,3,-31,0.140625,-55
2020-12-30,av_ad,2020-11-06,10.0,48.6,3,-31,0.15625,-54
2020-12-30,av_ad,2020-11-08,14.0,54.357142857142854,3,-31,0.21875,-52
2020-12-30,av_ad,2020-11-09,18.0,58.388888888888886,3,-31,0.28125,-51
2020-12-30,av_ad,2020-11-10,23.0,60.69565217391305,3,-31,0.359375,-50
2020-12-30,av_ad,2020-11-11,24.0,61.5,3,-31,0.375,-49
2020-12-30,av_ad,2020-11-14,25.0,60.24,3,-30,0.390625,-46
2020-12-30,av_ad,2020-11-15,28.0,61.392857142857146,3,-30,0.4375,-45
2020-12-30,av_ad,2020-11-16,32.0,61.21875,3,-30,0.5,-44
2020-12-30,av_ad,2020-11-17,33.0,61.484848484848484,3,-30,0.515625,-43
2020-12-30,av_ad,2020-11-18,34.0,61.588235294117645,3,-30,0.53125,-42
2020-12-30,av_ad,2020-11-22,35.0,61.542857142857144,3,-29,0.546875,-38
2020-12-30,av_ad,2020-11-27,36.0,61.77777777777778,3,-28,0.5625,-33
2020-12-30,av_ad,2020-11-30,37.0,60.37837837837838,3,-28,0.578125,-30
2020-12-30,av_ad,2020-12-04,37.388888888888886,58.05128205128205,3,-26,0.5842013888888888,-26
2020-12-30,av_ad,2020-12-09,37.97222222222222,56.975,3,-21,0.5933159722222222,-21
2020-12-30,av_ad,2020-12-10,38.97222222222222,56.4390243902439,3,-20,0.6089409722222222,-20
2020-12-30,av_ad,2020-12-11,39.97222222222222,56.285714285714285,3,-19,0.6245659722222222,-19
2020-12-30,av_ad,2020-12-12,40.388888888888886,56.83720930232558,3,-18,0.6310763888888888,-18
2020-12-30,av_ad,2020-12-14,41.388888888888886,57.36363636363637,3,-16,0.6467013888888888,-16
2020-12-31,av_ad,2020-10-02,0.8333333333333334,65.0,3,-36,0.013020833333333334,-90
2020-12-31,av_ad,2020-10-05,1.8333333333333335,66.5,3,-36,0.028645833333333336,-87
2020-12-31,av_ad,2020-10-09,2.8333333333333335,66.0,3,-35,0.044270833333333336,-83
2020-12-31,av_ad,2020-10-12,3.166666666666667,67.0,3,-35,0.04947916666666667,-80
2020-12-31,av_ad,2020-11-01,5.166666666666667,67.66666666666667,3,-32,0.08072916666666667,-60
2020-12-31,av_ad,2020-11-02,7.166666666666667,50.75,3,-32,0.11197916666666667,-59
2020-12-31,av_ad,2020-11-04,8.166666666666668,52.888888888888886,3,-32,0.12760416666666669,-57
2020-12-31,av_ad,2020-11-05,10.166666666666668,43.27272727272727,3,-32,0.15885416666666669,-56
2020-12-31,av_ad,2020-11-06,11.166666666666668,43.416666666666664,3,-31,0.17447916666666669,-55
2020-12-31,av_ad,2020-11-08,15.666666666666668,49.1764705882353,3,-31,0.24479166666666669,-53
2020-12-31,av_ad,2020-11-09,16.666666666666668,50.333333333333336,3,-31,0.2604166666666667,-52
2020-12-31,av_ad,2020-11-10,21.166666666666668,51.56521739130435,3,-31,0.3307291666666667,-51
2020-12-31,av_ad,2020-11-12,23.166666666666668,50.04,3,-31,0.3619791666666667,-49
2020-12-31,av_ad,2020-11-14,24.166666666666668,49.26923076923077,3,-30,0.3776041666666667,-47
2020-12-31,av_ad,2020-11-15,25.166666666666668,50.148148148148145,3,-30,0.3932291666666667,-46
2020-12-31,av_ad,2020-11-16,31.166666666666668,49.21212121212121,3,-30,0.4869791666666667,-45
2020-12-31,av_ad,2020-11-17,32.16666666666667,49.8235294117647,3,-30,0.5026041666666667,-44
2020-12-31,av_ad,2020-11-20,33.16666666666667,49.4,3,-29,0.5182291666666667,-41
2020-12-31,av_ad,2020-11-27,34.16666666666667,49.97222222222222,3,-28,0.5338541666666667,-34
2020-12-31,av_ad,2020-12-04,36.16666666666667,48.13157894736842,3,-27,0.5651041666666667,-27
2020-12-31,av_ad,2020-12-07,37.16666666666667,47.02564102564103,3,-24,0.5807291666666667,-24
2020-12-31,av_ad,2020-12-09,38.16666666666667,46.225,3,-22,0.5963541666666667,-22
2020-12-31,av_ad,2020-12-10,40.16666666666667,44.857142857142854,3,-21,0.6276041666666667,-21
2020-12-31,av_ad,2020-12-11,41.16666666666667,44.97674418604651,3,-20,0.6432291666666667,-20
2020-12-31,av_ad,2020-12-12,42.16666666666667,45.77272727272727,3,-19,0.6588541666666667,-19
2020-12-31,av_ad,2020-12-14,43.16666666666667,46.53333333333333,3,-17,0.6744791666666667,-17
2021-01-01,av_ad,2020-10-02,1.0,65.0,3,-36,0.015625,-91
2021-01-01,av_ad,2020-10-05,2.0,66.5,3,-36,0.03125,-88
2021-01-01,av_ad,2020-10-09,3.0,66.0,3,-36,0.046875,-84
2021-01-01,av_ad,2020-10-12,4.0,67.0,3,-35,0.0625,-81
2021-01-01,av_ad,2020-10-13,5.0,66.6,3,-35,0.078125,-80
2021-01-01,av_ad,2020-10-24,6.0,62.666666666666664,3,-33,0.09375,-69
2021-01-01,av_ad,2020-11-01,8.0,64.25,3,-32,0.125,-61
2021-01-01,av_ad,2020-11-02,10.0,51.4,3,-32,0.15625,-60
2021-01-01,av_ad,2020-11-04,11.0,53.09090909090909,3,-32,0.171875,-58
2021-01-01,av_ad,2020-11-05,12.0,48.666666666666664,3,-32,0.1875,-57
2021-01-01,av_ad,2020-11-06,13.0,48.38461538461539,3,-32,0.203125,-56
2021-01-01,av_ad,2020-11-07,14.0,47.42857142857143,3,-31,0.21875,-55
2021-01-01,av_ad,2020-11-08,19.0,51.526315789473685,3,-31,0.296875,-54
2021-01-01,av_ad,2020-11-10,23.0,51.69565217391305,3,-31,0.359375,-52
2021-01-01,av_ad,2020-11-12,25.0,50.16,3,-31,0.390625,-50
2021-01-01,av_ad,2020-11-14,26.0,49.38461538461539,3,-30,0.40625,-48
2021-01-01,av_ad,2020-11-16,30.0,47.13333333333333,3,-30,0.46875,-46
2021-01-01,av_ad,2020-11-17,31.0,47.87096774193548,3,-30,0.484375,-45
2021-01-01,av_ad,2020-11-20,32.0,47.46875,3,-30,0.5,-42
2021-01-01,av_ad,2020-11-21,33.0,46.93939393939394,3,-29,0.515625,-41
2021-01-01,av_ad,2020-11-25,34.0,46.44117647058823,3,-29,0.53125,-37
2021-01-01,av_ad,2020-11-30,36.0,44.138888888888886,3,-28,0.5625,-32
2021-01-01,av_ad,2020-12-04,38.0,42.60526315789474,3,-28,0.59375,-28
2021-01-01,av_ad,2020-12-05,39.0,41.64102564102564,3,-27,0.609375,-27
2021-01-01,av_ad,2020-12-07,40.0,40.725,3,-25,0.625,-25
2021-01-01,av_ad,2020-12-09,41.0,40.09756097560975,3,-23,0.640625,-23
2021-01-01,av_ad,2020-12-10,44.0,38.38636363636363,3,-22,0.6875,-22
2021-01-01,av_ad,2020-12-11,46.0,38.02173913043478,3,-21,0.71875,-21
2021-01-01,av_ad,2020-12-12,47.0,38.91489361702128,3,-20,0.734375,-20
2021-01-01,av_ad,2020-12-14,48.0,39.770833333333336,3,-18,0.75,-18
2021-01-02,av_ad,2020-10-02,1.0,65.0,3,-36,0.015625,-92
2021-01-02,av_ad,2020-10-05,2.0,66.5,3,-36,0.03125,-89
2021-01-02,av_ad,2020-10-09,3.0,66.0,3,-36,0.046875,-85
2021-01-02,av_ad,2020-10-12,4.0,67.0,3,-35,0.0625,-82
2021-01-02,av_ad,2020-10-13,5.0,66.6,3,-35,0.078125,-81
2021-01-02,av_ad,2020-10-24,6.0,62.666666666666664,3,-34,0.09375,-70
2021-01-02,av_ad,2020-11-01,7.0,63.0,3,-32,0.109375,-62
2021-01-02,av_ad,2020-11-02,9.0,49.0,3,-32,0.140625,-61
2021-01-02,av_ad,2020-11-04,10.0,51.1,3,-32,0.15625,-59
2021-01-02,av_ad,2020-11-05,11.0,46.45454545454545,3,-32,0.171875,-58
2021-01-02,av_ad,2020-11-06,12.0,46.333333333333336,3,-32,0.1875,-57
2021-01-02,av_ad,2020-11-07,13.0,45.46153846153846,3,-32,0.203125,-56
2021-01-02,av_ad,2020-11-08,17.0,49.1764705882353,3,-31,0.265625,-55
2021-01-02,av_ad,2020-11-10,21.0,49.80952380952381,3,-31,0.328125,-53
2021-01-02,av_ad,2020-11-12,23.0,48.30434782608695,3,-31,0.359375,-51
2021-01-02,av_ad,2020-11-16,26.0,46.57692307692308,3,-30,0.40625,-47
2021-01-02,av_ad,2020-11-20,27.0,46.148148148148145,3,-30,0.421875,-43
2021-01-02,av_ad,2020-11-21,28.0,45.57142857142857,3,-30,0.4375,-42
2021-01-02,av_ad,2020-11-25,29.0,45.03448275862069,3,-29,0.453125,-38
2021-01-02,av_ad,2020-11-30,31.0,42.45161290322581,3,-28,0.484375,-33
2021-01-02,av_ad,2020-12-04,33.0,40.78787878787879,3,-28,0.515625,-29
2021-01-02,av_ad,2020-12-05,34.0,39.73529411764706,3,-28,0.53125,-28
2021-01-02,av_ad,2020-12-07,35.0,38.74285714285714,3,-26,0.546875,-26
2021-01-02,av_ad,2020-12-09,36.0,38.083333333333336,3,-24,0.5625,-24
2021-01-02,av_ad,2020-12-10,38.0,36.3421052631579,3,-23,0.59375,-23
2021-01-02,av_ad,2020-12-11,40.0,36.025,3,-22,0.625,-22
2021-01-02,av_ad,2020-12-12,41.0,37.09756097560975,3,-21,0.640625,-21
2021-01-03,av_ad,2020-10-02,1.0,65.0,3,-36,0.015625,-93
2021-01-03,av_ad,2020-10-07,2.0,65.0,3,-36,0.03125,-88
2021-01-03,av_ad,2020-10-09,3.0,65.0,3,-36,0.046875,-86
2021-01-03,av_ad,2020-10-12,4.0,66.25,3,-35,0.0625,-83
2021-01-03,av_ad,2020-10-13,5.0,66.0,3,-35,0.078125,-82
2021-01-03,av_ad,2020-10-24,6.0,62.166666666666664,3,-34,0.09375,-71
2021-01-03,av_ad,2020-11-02,8.0,46.625,3,-32,0.125,-62
2021-01-03,av_ad,2020-11-05,9.0,41.44444444444444,3,-32,0.140625,-59
2021-01-03,av_ad,2020-11-06,10.0,41.8,3,-32,0.15625,-58
2021-01-03,av_ad,2020-11-07,11.0,41.18181818181818,3,-32,0.171875,-57
2021-01-03,av_ad,2020-11-08,13.0,43.69230769230769,3,-32,0.203125,-56
2021-01-03,av_ad,2020-11-10,15.0,42.86666666666667,3,-31,0.234375,-54
2021-01-03,av_ad,2020-11-12,16.0,42.375,3,-31,0.25,-52
2021-01-03,av_ad,2020-11-16,19.0,40.94736842105263,3,-30,0.296875,-48
2021-01-03,av_ad,2020-11-18,20.0,42.15,3,-30,0.3125,-46
2021-01-03,av_ad,2020-11-20,21.0,41.80952380952381,3,-30,0.328125,-44
2021-01-03,av_ad,2020-11-21,22.0,41.27272727272727,3,-30,0.34375,-43
2021-01-03,av_ad,2020-11-25,23.0,40.78260869565217,3,-29,0.359375,-39
2021-01-03,av_ad,2020-11-30,25.0,37.92,3,-28,0.390625,-34
2021-01-03,av_ad,2020-12-05,26.0,36.65384615384615,3,-28,0.40625,-29
2021-01-03,av_ad,2020-12-09,27.0,35.851851851851855,3,-25,0.421875,-25
2021-01-03,av_ad,2020-12-10,28.0,34.92857142857143,3,-24,0.4375,-24
2021-01-03,av_ad,2020-12-11,30.0,34.6,3,-23,0.46875,-23
2021-01-03,av_ad,2020-12-12,31.0,36.064516129032256,3,-22,0.484375,-22
