rent_day,res_model,res_day,discount,util_add,seasonality,lead_time_vec,util_rate_add,lead_time
2020-12-01,vlst,2020-11-01,70.0,1.0,1,-28,0.034482758620689655,-30
2020-12-01,vlst,2020-11-10,70.0,1.0,1,-21,0.034482758620689655,-21
2020-12-01,vlst,2020-11-16,50.0,1.0,1,-15,0.034482758620689655,-15
2020-12-01,vlst,2020-11-17,75.0,2.0,1,-14,0.06896551724137931,-14
2020-12-01,vlst,2020-11-18,70.0,0.5,1,-13,0.017241379310344827,-13
2020-12-01,vlst,2020-11-19,75.0,1.0,1,-12,0.034482758620689655,-12
2020-12-01,vlst,2020-11-25,73.0,1.0,1,-6,0.034482758620689655,-6
2020-12-01,vlst,2020-11-26,75.0,1.0,1,-5,0.034482758620689655,-5
2020-12-01,vlst,2020-11-27,75.0,1.0,1,-4,0.034482758620689655,-4
2020-12-01,vlst,2020-11-30,70.0,1.0,1,-1,0.034482758620689655,-1
2020-12-01,vlst,2020-12-01,73.0,1.0,1,0,0.034482758620689655,0
2020-12-02,vlst,2020-10-25,70.0,0.8333333333333334,1,-29,0.028735632183908046,-38
2020-12-02,vlst,2020-11-01,70.0,1.0,1,-28,0.034482758620689655,-31
2020-12-02,vlst,2020-11-09,73.0,0.5833333333333334,1,-23,0.020114942528735632,-23
2020-12-02,vlst,2020-11-10,70.0,1.0,1,-22,0.034482758620689655,-22
2020-12-02,vlst,2020-11-11,70.0,1.0,1,-21,0.034482758620689655,-21
2020-12-02,vlst,2020-11-16,50.0,1.0,1,-16,0.034482758620689655,-16
2020-12-02,vlst,2020-11-17,75.0,2.0,1,-15,0.06896551724137931,-15
2020-12-02,vlst,2020-11-18,70.0,2.0,1,-14,0.06896551724137931,-14
2020-12-02,vlst,2020-11-19,75.0,1.0,1,-13,0.034482758620689655,-13
2020-12-02,vlst,2020-11-25,73.0,1.0,1,-7,0.034482758620689655,-7
2020-12-02,vlst,2020-11-26,75.0,1.0,1,-6,0.034482758620689655,-6
2020-12-02,vlst,2020-11-27,72.5,1.75,1,-5,0.0603448275862069,-5
2020-12-02,vlst,2020-11-30,70.0,2.0,1,-2,0.06896551724137931,-2
2020-12-02,vlst,2020-12-01,70.0,1.0,1,-1,0.034482758620689655,-1
2020-12-03,vlst,2020-10-25,70.0,1.0,2,-29,0.034482758620689655,-39
2020-12-03,vlst,2020-11-01,70.0,1.0,2,-28,0.034482758620689655,-32
2020-12-03,vlst,2020-11-03,65.0,0.8333333333333334,2,-28,0.028735632183908046,-30
2020-12-03,vlst,2020-11-09,73.0,1.0,2,-24,0.034482758620689655,-24
2020-12-03,vlst,2020-11-10,67.5,1.3333333333333333,2,-23,0.04597701149425287,-23
2020-12-03,vlst,2020-11-11,70.0,1.0,2,-22,0.034482758620689655,-22
2020-12-03,vlst,2020-11-13,70.0,0.3333333333333333,2,-20,0.011494252873563218,-20
2020-12-03,vlst,2020-11-14,65.0,1.0,2,-19,0.034482758620689655,-19
2020-12-03,vlst,2020-11-16,50.0,1.0,2,-17,0.034482758620689655,-17
2020-12-03,vlst,2020-11-17,75.0,2.0,2,-16,0.06896551724137931,-16
2020-12-03,vlst,2020-11-18,70.0,2.0,2,-15,0.06896551724137931,-15
2020-12-03,vlst,2020-11-25,70.5,2.0,2,-8,0.06896551724137931,-8
2020-12-03,vlst,2020-11-26,70.0,2.0,2,-7,0.06896551724137931,-7
2020-12-03,vlst,2020-11-27,68.75,3.75,2,-6,0.12931034482758622,-6
2020-12-03,vlst,2020-11-29,65.0,1.0,2,-4,0.034482758620689655,-4
2020-12-03,vlst,2020-11-30,70.0,2.0,2,-3,0.06896551724137931,-3
2020-12-03,vlst,2020-12-01,70.0,1.0,2,-2,0.034482758620689655,-2
2020-12-03,vlst,2020-12-03,70.0,1.0,2,0,0.034482758620689655,0
2020-12-04,vlst,2020-10-23,50.0,1.0,2,-30,0.034482758620689655,-42
2020-12-04,vlst,2020-10-25,70.0,1.0,2,-29,0.034482758620689655,-40
2020-12-04,vlst,2020-11-01,70.0,1.0,2,-28,0.034482758620689655,-33
2020-12-04,vlst,2020-11-03,65.0,1.0,2,-28,0.034482758620689655,-31
2020-12-04,vlst,2020-11-09,73.0,1.0,2,-25,0.034482758620689655,-25
2020-12-04,vlst,2020-11-10,67.5,2.0,2,-24,0.06896551724137931,-24
2020-12-04,vlst,2020-11-11,70.0,1.0,2,-23,0.034482758620689655,-23
2020-12-04,vlst,2020-11-13,70.0,1.0,2,-21,0.034482758620689655,-21
2020-12-04,vlst,2020-11-14,65.0,1.9166666666666665,2,-20,0.0660919540229885,-20
2020-12-04,vlst,2020-11-16,50.0,1.0,2,-18,0.034482758620689655,-18
2020-12-04,vlst,2020-11-17,75.0,2.0,2,-17,0.06896551724137931,-17
2020-12-04,vlst,2020-11-18,66.66666666666667,2.4722222222222223,2,-16,0.08524904214559387,-16
2020-12-04,vlst,2020-11-25,73.0,1.0,2,-9,0.034482758620689655,-9
2020-12-04,vlst,2020-11-26,65.0,1.0,2,-8,0.034482758620689655,-8
2020-12-04,vlst,2020-11-27,67.5,3.6666666666666665,2,-7,0.1264367816091954,-7
2020-12-04,vlst,2020-11-29,65.0,1.0,2,-5,0.034482758620689655,-5
2020-12-04,vlst,2020-11-30,70.0,1.0,2,-4,0.034482758620689655,-4
2020-12-04,vlst,2020-12-01,70.0,1.0,2,-3,0.034482758620689655,-3
2020-12-04,vlst,2020-12-03,70.0,1.0,2,-1,0.034482758620689655,-1
2020-12-05,vlst,2020-09-20,65.0,1.0,2,-34,0.034482758620689655,-76
2020-12-05,vlst,2020-10-21,65.0,1.0,2,-30,0.034482758620689655,-45
2020-12-05,vlst,2020-10-22,65.0,0.5,2,-30,0.017241379310344827,-44
2020-12-05,vlst,2020-10-23,50.0,1.0,2,-30,0.034482758620689655,-43
2020-12-05,vlst,2020-10-25,70.0,1.0,2,-29,0.034482758620689655,-41
2020-12-05,vlst,2020-11-03,65.0,1.0,2,-28,0.034482758620689655,-32
2020-12-05,vlst,2020-11-09,76.5,2.0,2,-26,0.06896551724137931,-26
2020-12-05,vlst,2020-11-10,67.5,2.0,2,-25,0.06896551724137931,-25
2020-12-05,vlst,2020-11-11,67.5,1.6666666666666665,2,-24,0.057471264367816084,-24
2020-12-05,vlst,2020-11-13,70.0,1.0,2,-22,0.034482758620689655,-22
2020-12-05,vlst,2020-11-14,65.0,2.0,2,-21,0.06896551724137931,-21
2020-12-05,vlst,2020-11-17,68.0,1.5,2,-18,0.05172413793103448,-18
2020-12-05,vlst,2020-11-18,66.0,3.0,2,-17,0.10344827586206896,-17
2020-12-05,vlst,2020-11-25,65.0,1.0,2,-10,0.034482758620689655,-10
2020-12-05,vlst,2020-11-26,65.0,1.0,2,-9,0.034482758620689655,-9
2020-12-05,vlst,2020-11-27,68.0,5.0,2,-8,0.1724137931034483,-8
2020-12-05,vlst,2020-11-29,65.0,1.0,2,-6,0.034482758620689655,-6
2020-12-05,vlst,2020-11-30,70.0,1.0,2,-5,0.034482758620689655,-5
2020-12-06,vlst,2020-09-20,65.0,1.0,2,-35,0.034482758620689655,-77
2020-12-06,vlst,2020-10-05,65.0,1.0,2,-32,0.034482758620689655,-62
2020-12-06,vlst,2020-10-21,65.0,1.0,2,-30,0.034482758620689655,-46
2020-12-06,vlst,2020-10-22,65.0,1.0,2,-30,0.034482758620689655,-45
2020-12-06,vlst,2020-10-23,50.0,1.0,2,-30,0.034482758620689655,-44
2020-12-06,vlst,2020-11-03,65.0,1.0,2,-28,0.034482758620689655,-33
2020-12-06,vlst,2020-11-06,65.0,1.0,2,-28,0.034482758620689655,-30
2020-12-06,vlst,2020-11-09,80.0,1.0,2,-27,0.034482758620689655,-27
2020-12-06,vlst,2020-11-10,70.0,1.0,2,-26,0.034482758620689655,-26
2020-12-06,vlst,2020-11-11,65.0,1.0,2,-25,0.034482758620689655,-25
2020-12-06,vlst,2020-11-13,70.0,1.0,2,-23,0.034482758620689655,-23
2020-12-06,vlst,2020-11-14,65.0,1.0,2,-22,0.034482758620689655,-22
2020-12-06,vlst,2020-11-16,65.0,1.0,2,-20,0.034482758620689655,-20
2020-12-06,vlst,2020-11-17,68.0,2.0,2,-19,0.06896551724137931,-19
2020-12-06,vlst,2020-11-18,65.75,4.0,2,-18,0.13793103448275862,-18
2020-12-06,vlst,2020-11-25,65.0,1.0,2,-11,0.034482758620689655,-11
2020-12-06,vlst,2020-11-26,65.0,1.0,2,-10,0.034482758620689655,-10
2020-12-06,vlst,2020-11-27,67.5,4.0,2,-9,0.13793103448275862,-9
2020-12-06,vlst,2020-11-28,65.0,2.0,2,-8,0.06896551724137931,-8
2020-12-06,vlst,2020-11-29,65.0,1.0,2,-7,0.034482758620689655,-7
2020-12-06,vlst,2020-11-30,70.0,2.0,2,-6,0.06896551724137931,-6
2020-12-07,vlst,2020-09-20,65.0,1.0,1,-35,0.034482758620689655,-78
2020-12-07,vlst,2020-10-03,65.0,1.0,1,-33,0.034482758620689655,-65
2020-12-07,vlst,2020-10-05,65.0,1.0,1,-33,0.034482758620689655,-63
2020-12-07,vlst,2020-10-21,65.0,1.0,1,-30,0.034482758620689655,-47
2020-12-07,vlst,2020-10-22,65.0,1.0,1,-30,0.034482758620689655,-46
2020-12-07,vlst,2020-10-30,70.0,1.0,1,-29,0.034482758620689655,-38
2020-12-07,vlst,2020-11-06,65.0,1.0,1,-28,0.034482758620689655,-31
2020-12-07,vlst,2020-11-08,70.0,1.0,1,-28,0.034482758620689655,-29
2020-12-07,vlst,2020-11-09,80.0,1.0,1,-28,0.034482758620689655,-28
2020-12-07,vlst,2020-11-10,70.0,1.0,1,-27,0.034482758620689655,-27
2020-12-07,vlst,2020-11-11,65.0,1.0,1,-26,0.034482758620689655,-26
2020-12-07,vlst,2020-11-13,70.0,1.0,1,-24,0.034482758620689655,-24
2020-12-07,vlst,2020-11-14,65.0,1.0,1,-23,0.034482758620689655,-23
2020-12-07,vlst,2020-11-16,65.0,1.0,1,-21,0.034482758620689655,-21
2020-12-07,vlst,2020-11-17,68.66666666666667,3.0,1,-20,0.10344827586206896,-20
2020-12-07,vlst,2020-11-18,66.5,2.0,1,-19,0.06896551724137931,-19
2020-12-07,vlst,2020-11-25,65.0,1.0,1,-12,0.034482758620689655,-12
2020-12-07,vlst,2020-11-26,65.0,1.0,1,-11,0.034482758620689655,-11
2020-12-07,vlst,2020-11-27,67.5,4.0,1,-10,0.13793103448275862,-10
2020-12-07,vlst,2020-11-28,65.0,2.0,1,-9,0.06896551724137931,-9
2020-12-07,vlst,2020-11-30,70.0,2.0,1,-7,0.06896551724137931,-7
2020-12-07,vlst,2020-12-01,80.0,1.0,1,-6,0.034482758620689655,-6
2020-12-07,vlst,2020-12-04,83.0,1.0,1,-3,0.034482758620689655,-3
2020-12-07,vlst,2020-12-06,75.0,1.0,1,-1,0.034482758620689655,-1
2020-12-07,vlst,2020-12-07,76.5,1.6666666666666665,1,0,0.057471264367816084,0
2020-12-08,vlst,2020-09-20,65.0,1.0,1,-35,0.034482758620689655,-79
2020-12-08,vlst,2020-10-03,65.0,1.0,1,-33,0.034482758620689655,-66
2020-12-08,vlst,2020-10-21,65.0,1.0,1,-30,0.034482758620689655,-48
2020-12-08,vlst,2020-10-22,65.0,1.0,1,-30,0.034482758620689655,-47
2020-12-08,vlst,2020-10-30,70.0,1.0,1,-29,0.034482758620689655,-39
2020-12-08,vlst,2020-11-06,65.0,1.0,1,-28,0.034482758620689655,-32
2020-12-08,vlst,2020-11-08,70.0,1.0,1,-28,0.034482758620689655,-30
2020-12-08,vlst,2020-11-09,80.0,1.0,1,-28,0.034482758620689655,-29
2020-12-08,vlst,2020-11-11,65.0,1.0,1,-27,0.034482758620689655,-27
2020-12-08,vlst,2020-11-13,70.0,1.0,1,-25,0.034482758620689655,-25
2020-12-08,vlst,2020-11-16,65.0,1.0,1,-22,0.034482758620689655,-22
2020-12-08,vlst,2020-11-17,68.66666666666667,3.0,1,-21,0.10344827586206896,-21
2020-12-08,vlst,2020-11-18,66.5,2.0,1,-20,0.06896551724137931,-20
2020-12-08,vlst,2020-11-27,65.0,1.0,1,-11,0.034482758620689655,-11
2020-12-08,vlst,2020-11-28,65.0,2.0,1,-10,0.06896551724137931,-10
2020-12-08,vlst,2020-11-30,70.0,1.0,1,-8,0.034482758620689655,-8
2020-12-08,vlst,2020-12-01,80.0,1.0,1,-7,0.034482758620689655,-7
2020-12-08,vlst,2020-12-03,70.0,1.0,1,-5,0.034482758620689655,-5
2020-12-08,vlst,2020-12-04,76.5,2.0,1,-4,0.06896551724137931,-4
2020-12-08,vlst,2020-12-05,79.0,2.0,1,-3,0.06896551724137931,-3
2020-12-08,vlst,2020-12-06,75.0,1.0,1,-2,0.034482758620689655,-2
2020-12-08,vlst,2020-12-07,77.0,3.0,1,-1,0.10344827586206896,-1
2020-12-09,vlst,2020-10-03,65.0,1.0,1,-33,0.034482758620689655,-67
2020-12-09,vlst,2020-10-10,65.0,1.0,1,-32,0.034482758620689655,-60
2020-12-09,vlst,2020-10-30,70.0,1.0,1,-29,0.034482758620689655,-40
2020-12-09,vlst,2020-11-06,65.0,1.0,1,-28,0.034482758620689655,-33
2020-12-09,vlst,2020-11-08,70.0,1.0,1,-28,0.034482758620689655,-31
2020-12-09,vlst,2020-11-09,80.0,1.0,1,-28,0.034482758620689655,-30
2020-12-09,vlst,2020-11-13,70.0,1.0,1,-26,0.034482758620689655,-26
2020-12-09,vlst,2020-11-16,65.0,1.0,1,-23,0.034482758620689655,-23
2020-12-09,vlst,2020-11-17,70.0,1.0,1,-22,0.034482758620689655,-22
2020-12-09,vlst,2020-11-18,67.5,2.0,1,-21,0.06896551724137931,-21
2020-12-09,vlst,2020-11-21,70.0,0.2222222222222222,1,-18,0.007662835249042145,-18
2020-12-09,vlst,2020-11-23,70.0,0.5,1,-16,0.017241379310344827,-16
2020-12-09,vlst,2020-11-27,65.0,1.0,1,-12,0.034482758620689655,-12
2020-12-09,vlst,2020-11-28,65.0,1.0,1,-11,0.034482758620689655,-11
2020-12-09,vlst,2020-11-30,70.0,1.0,1,-9,0.034482758620689655,-9
2020-12-09,vlst,2020-12-01,80.0,1.0,1,-8,0.034482758620689655,-8
2020-12-09,vlst,2020-12-03,70.0,1.0,1,-6,0.034482758620689655,-6
2020-12-09,vlst,2020-12-04,71.5,2.0,1,-5,0.06896551724137931,-5
2020-12-09,vlst,2020-12-05,79.0,2.0,1,-4,0.06896551724137931,-4
2020-12-09,vlst,2020-12-06,75.0,2.0,1,-3,0.06896551724137931,-3
2020-12-09,vlst,2020-12-07,76.5,6.0,1,-2,0.20689655172413793,-2
2020-12-09,vlst,2020-12-08,76.5,2.0,1,-1,0.06896551724137931,-1
2020-12-09,vlst,2020-12-09,75.0,1.0,1,0,0.034482758620689655,0
2020-12-10,vlst,2020-10-10,65.0,1.0,2,-32,0.034482758620689655,-61
2020-12-10,vlst,2020-10-30,70.0,1.0,2,-29,0.034482758620689655,-41
2020-12-10,vlst,2020-11-02,65.0,0.5833333333333334,2,-29,0.020114942528735632,-38
2020-12-10,vlst,2020-11-06,65.0,1.0,2,-28,0.034482758620689655,-34
2020-12-10,vlst,2020-11-07,65.0,1.0,2,-28,0.034482758620689655,-33
2020-12-10,vlst,2020-11-08,70.0,1.0,2,-28,0.034482758620689655,-32
2020-12-10,vlst,2020-11-09,80.0,1.0,2,-28,0.034482758620689655,-31
2020-12-10,vlst,2020-11-11,65.0,1.0,2,-28,0.034482758620689655,-29
2020-12-10,vlst,2020-11-13,70.0,1.0,2,-27,0.034482758620689655,-27
2020-12-10,vlst,2020-11-16,65.0,1.0,2,-24,0.034482758620689655,-24
2020-12-10,vlst,2020-11-17,70.0,1.0,2,-23,0.034482758620689655,-23
2020-12-10,vlst,2020-11-18,65.0,1.0,2,-22,0.034482758620689655,-22
2020-12-10,vlst,2020-11-21,70.0,1.0,2,-19,0.034482758620689655,-19
2020-12-10,vlst,2020-11-22,70.0,0.6666666666666666,2,-18,0.022988505747126436,-18
2020-12-10,vlst,2020-11-23,70.0,1.0,2,-17,0.034482758620689655,-17
2020-12-10,vlst,2020-11-25,65.0,1.0,2,-15,0.034482758620689655,-15
2020-12-10,vlst,2020-11-28,65.0,1.0,2,-12,0.034482758620689655,-12
2020-12-10,vlst,2020-12-01,80.0,1.0,2,-9,0.034482758620689655,-9
2020-12-10,vlst,2020-12-03,70.0,2.0,2,-7,0.06896551724137931,-7
2020-12-10,vlst,2020-12-04,71.5,2.0,2,-6,0.06896551724137931,-6
2020-12-10,vlst,2020-12-05,80.0,1.0,2,-5,0.034482758620689655,-5
2020-12-10,vlst,2020-12-06,75.0,2.0,2,-4,0.06896551724137931,-4
2020-12-10,vlst,2020-12-07,73.25,4.0,2,-3,0.13793103448275862,-3
2020-12-10,vlst,2020-12-08,76.5,2.0,2,-2,0.06896551724137931,-2
2020-12-10,vlst,2020-12-09,75.0,1.0,2,-1,0.034482758620689655,-1
2020-12-11,vlst,2020-10-10,65.0,1.0,2,-32,0.034482758620689655,-62
2020-12-11,vlst,2020-10-30,70.0,1.0,2,-30,0.034482758620689655,-42
2020-12-11,vlst,2020-11-02,65.0,1.0,2,-29,0.034482758620689655,-39
2020-12-11,vlst,2020-11-03,65.0,0.6666666666666666,2,-29,0.022988505747126436,-38
2020-12-11,vlst,2020-11-06,65.0,1.0,2,-29,0.034482758620689655,-35
2020-12-11,vlst,2020-11-07,65.0,1.0,2,-28,0.034482758620689655,-34
2020-12-11,vlst,2020-11-09,80.0,1.0,2,-28,0.034482758620689655,-32
2020-12-11,vlst,2020-11-11,65.0,1.0,2,-28,0.034482758620689655,-30
2020-12-11,vlst,2020-11-13,70.0,1.0,2,-28,0.034482758620689655,-28
2020-12-11,vlst,2020-11-16,65.0,1.0,2,-25,0.034482758620689655,-25
2020-12-11,vlst,2020-11-17,70.0,1.0,2,-24,0.034482758620689655,-24
2020-12-11,vlst,2020-11-18,65.0,1.0,2,-23,0.034482758620689655,-23
2020-12-11,vlst,2020-11-21,70.0,1.0,2,-20,0.034482758620689655,-20
2020-12-11,vlst,2020-11-22,70.0,1.0,2,-19,0.034482758620689655,-19
2020-12-11,vlst,2020-11-23,70.0,1.0,2,-18,0.034482758620689655,-18
2020-12-11,vlst,2020-11-25,65.0,1.0,2,-16,0.034482758620689655,-16
2020-12-11,vlst,2020-11-28,65.0,1.0,2,-13,0.034482758620689655,-13
2020-12-11,vlst,2020-11-29,65.0,1.0,2,-12,0.034482758620689655,-12
2020-12-11,vlst,2020-11-30,65.0,1.0,2,-11,0.034482758620689655,-11
2020-12-11,vlst,2020-12-01,80.0,1.0,2,-10,0.034482758620689655,-10
2020-12-11,vlst,2020-12-02,65.0,0.5,2,-9,0.017241379310344827,-9
2020-12-11,vlst,2020-12-03,70.0,2.0,2,-8,0.06896551724137931,-8
2020-12-11,vlst,2020-12-04,65.0,1.0,2,-7,0.034482758620689655,-7
2020-12-11,vlst,2020-12-05,80.0,1.0,2,-6,0.034482758620689655,-6
2020-12-11,vlst,2020-12-06,75.0,2.0,2,-5,0.06896551724137931,-5
2020-12-11,vlst,2020-12-07,68.33333333333333,3.0,2,-4,0.10344827586206896,-4
2020-12-11,vlst,2020-12-08,75.0,1.0,2,-3,0.034482758620689655,-3
2020-12-11,vlst,2020-12-09,72.5,1.4166666666666667,2,-2,0.04885057471264368,-2
2020-12-12,vlst,2020-10-10,65.0,1.0,2,-33,0.034482758620689655,-63
2020-12-12,vlst,2020-11-02,65.0,1.0,2,-29,0.034482758620689655,-40
2020-12-12,vlst,2020-11-03,65.0,1.0,2,-29,0.034482758620689655,-39
2020-12-12,vlst,2020-11-06,65.0,1.5,2,-29,0.05172413793103448,-36
2020-12-12,vlst,2020-11-07,65.0,1.0,2,-29,0.034482758620689655,-35
2020-12-12,vlst,2020-11-09,80.0,1.0,2,-28,0.034482758620689655,-33
2020-12-12,vlst,2020-11-11,65.0,1.0,2,-28,0.034482758620689655,-31
2020-12-12,vlst,2020-11-12,68.0,1.0,2,-28,0.034482758620689655,-30
2020-12-12,vlst,2020-11-16,65.0,1.0,2,-26,0.034482758620689655,-26
2020-12-12,vlst,2020-11-17,70.0,1.0,2,-25,0.034482758620689655,-25
2020-12-12,vlst,2020-11-18,65.0,2.0,2,-24,0.06896551724137931,-24
2020-12-12,vlst,2020-11-20,65.0,1.0,2,-22,0.034482758620689655,-22
2020-12-12,vlst,2020-11-21,70.0,1.0,2,-21,0.034482758620689655,-21
2020-12-12,vlst,2020-11-22,70.0,1.0,2,-20,0.034482758620689655,-20
2020-12-12,vlst,2020-11-23,70.0,1.0,2,-19,0.034482758620689655,-19
2020-12-12,vlst,2020-11-24,68.0,1.0,2,-18,0.034482758620689655,-18
2020-12-12,vlst,2020-11-25,65.0,1.0,2,-17,0.034482758620689655,-17
2020-12-12,vlst,2020-11-28,65.0,1.0,2,-14,0.034482758620689655,-14
2020-12-12,vlst,2020-11-29,65.0,1.0,2,-13,0.034482758620689655,-13
2020-12-12,vlst,2020-11-30,65.0,1.0,2,-12,0.034482758620689655,-12
2020-12-12,vlst,2020-12-01,65.0,2.0,2,-11,0.06896551724137931,-11
2020-12-12,vlst,2020-12-02,65.0,1.0,2,-10,0.034482758620689655,-10
2020-12-12,vlst,2020-12-03,70.0,2.0,2,-9,0.06896551724137931,-9
2020-12-12,vlst,2020-12-04,65.0,1.0,2,-8,0.034482758620689655,-8
2020-12-12,vlst,2020-12-07,65.0,1.0,2,-5,0.034482758620689655,-5
2020-12-12,vlst,2020-12-08,75.0,1.0,2,-4,0.034482758620689655,-4
2020-12-12,vlst,2020-12-09,70.0,1.0,2,-3,0.034482758620689655,-3
2020-12-13,vlst,2020-11-03,65.0,1.0,2,-29,0.034482758620689655,-40
2020-12-13,vlst,2020-11-06,65.0,2.0,2,-29,0.06896551724137931,-37
2020-12-13,vlst,2020-11-07,65.0,1.0,2,-29,0.034482758620689655,-36
2020-12-13,vlst,2020-11-12,68.0,1.0,2,-28,0.034482758620689655,-31
2020-12-13,vlst,2020-11-16,66.0,3.0,2,-27,0.10344827586206896,-27
2020-12-13,vlst,2020-11-17,67.5,1.8888888888888888,2,-26,0.06513409961685823,-26
2020-12-13,vlst,2020-11-18,65.0,1.0,2,-25,0.034482758620689655,-25
2020-12-13,vlst,2020-11-20,65.0,1.0,2,-23,0.034482758620689655,-23
2020-12-13,vlst,2020-11-22,70.0,1.0,2,-21,0.034482758620689655,-21
2020-12-13,vlst,2020-11-24,68.0,1.0,2,-19,0.034482758620689655,-19
2020-12-13,vlst,2020-11-25,65.0,1.0,2,-18,0.034482758620689655,-18
2020-12-13,vlst,2020-11-29,65.0,1.0,2,-14,0.034482758620689655,-14
2020-12-13,vlst,2020-11-30,65.0,1.0,2,-13,0.034482758620689655,-13
2020-12-13,vlst,2020-12-01,65.0,3.0,2,-12,0.10344827586206896,-12
2020-12-13,vlst,2020-12-02,65.0,1.8333333333333335,2,-11,0.06321839080459771,-11
2020-12-13,vlst,2020-12-03,70.0,1.0,2,-10,0.034482758620689655,-10
2020-12-13,vlst,2020-12-04,65.0,1.0,2,-9,0.034482758620689655,-9
2020-12-13,vlst,2020-12-07,67.5,2.0,2,-6,0.06896551724137931,-6
2020-12-13,vlst,2020-12-08,75.0,1.0,2,-5,0.034482758620689655,-5
2020-12-13,vlst,2020-12-09,70.0,1.0,2,-4,0.034482758620689655,-4
2020-12-13,vlst,2020-12-11,63.5,2.0,2,-2,0.06896551724137931,-2
2020-12-13,vlst,2020-12-12,65.0,1.0,2,-1,0.034482758620689655,-1
2020-12-14,vlst,2020-11-03,65.0,1.0,1,-29,0.034482758620689655,-41
2020-12-14,vlst,2020-11-05,70.0,1.0,1,-29,0.034482758620689655,-39
2020-12-14,vlst,2020-11-06,65.0,1.0,1,-29,0.034482758620689655,-38
2020-12-14,vlst,2020-11-07,65.0,1.0,1,-29,0.034482758620689655,-37
2020-12-14,vlst,2020-11-08,70.0,1.0,1,-29,0.034482758620689655,-36
2020-12-14,vlst,2020-11-12,68.0,1.0,1,-28,0.034482758620689655,-32
2020-12-14,vlst,2020-11-13,70.0,1.0,1,-28,0.034482758620689655,-31
2020-12-14,vlst,2020-11-16,66.0,3.0,1,-28,0.10344827586206896,-28
2020-12-14,vlst,2020-11-17,67.5,2.0,1,-27,0.06896551724137931,-27
2020-12-14,vlst,2020-11-18,65.0,1.0,1,-26,0.034482758620689655,-26
2020-12-14,vlst,2020-11-20,65.0,1.0,1,-24,0.034482758620689655,-24
2020-12-14,vlst,2020-11-22,70.0,1.0,1,-22,0.034482758620689655,-22
2020-12-14,vlst,2020-11-24,68.0,1.0,1,-20,0.034482758620689655,-20
2020-12-14,vlst,2020-11-25,65.0,1.0,1,-19,0.034482758620689655,-19
2020-12-14,vlst,2020-11-26,70.0,1.0,1,-18,0.034482758620689655,-18
2020-12-14,vlst,2020-12-01,65.0,3.0,1,-13,0.10344827586206896,-13
2020-12-14,vlst,2020-12-02,65.0,1.0,1,-12,0.034482758620689655,-12
2020-12-14,vlst,2020-12-04,65.0,1.0,1,-10,0.034482758620689655,-10
2020-12-14,vlst,2020-12-07,67.5,2.0,1,-7,0.06896551724137931,-7
2020-12-14,vlst,2020-12-08,75.0,1.0,1,-6,0.034482758620689655,-6
2020-12-14,vlst,2020-12-09,70.0,1.0,1,-5,0.034482758620689655,-5
2020-12-14,vlst,2020-12-11,63.5,2.0,1,-3,0.06896551724137931,-3
2020-12-14,vlst,2020-12-12,65.0,1.0,1,-2,0.034482758620689655,-2
2020-12-15,vlst,2020-11-05,70.0,1.0,1,-29,0.034482758620689655,-40
2020-12-15,vlst,2020-11-08,70.0,1.0,1,-29,0.034482758620689655,-37
2020-12-15,vlst,2020-11-13,70.0,1.0,1,-28,0.034482758620689655,-32
2020-12-15,vlst,2020-11-16,66.0,3.0,1,-28,0.10344827586206896,-29
2020-12-15,vlst,2020-11-17,65.0,1.0,1,-28,0.034482758620689655,-28
2020-12-15,vlst,2020-11-18,65.0,1.0,1,-27,0.034482758620689655,-27
2020-12-15,vlst,2020-11-24,68.0,1.0,1,-21,0.034482758620689655,-21
2020-12-15,vlst,2020-11-26,70.0,1.0,1,-19,0.034482758620689655,-19
2020-12-15,vlst,2020-12-01,65.0,2.0,1,-14,0.06896551724137931,-14
2020-12-15,vlst,2020-12-02,65.0,1.0,1,-13,0.034482758620689655,-13
2020-12-15,vlst,2020-12-07,67.5,2.0,1,-8,0.06896551724137931,-8
2020-12-15,vlst,2020-12-08,75.0,1.0,1,-7,0.034482758620689655,-7
2020-12-15,vlst,2020-12-11,63.5,2.0,1,-4,0.06896551724137931,-4
2020-12-15,vlst,2020-12-12,65.0,2.0,1,-3,0.06896551724137931,-3
2020-12-16,vlst,2020-11-05,70.0,1.0,1,-29,0.034482758620689655,-41
2020-12-16,vlst,2020-11-08,70.0,1.0,1,-29,0.034482758620689655,-38
2020-12-16,vlst,2020-11-13,70.0,1.0,1,-28,0.034482758620689655,-33
2020-12-16,vlst,2020-11-16,66.0,3.0,1,-28,0.10344827586206896,-30
2020-12-16,vlst,2020-11-17,65.0,1.0,1,-28,0.034482758620689655,-29
2020-12-16,vlst,2020-11-26,72.5,2.0,1,-20,0.06896551724137931,-20
2020-12-16,vlst,2020-12-01,62.5,2.0,1,-15,0.06896551724137931,-15
2020-12-16,vlst,2020-12-02,65.0,1.0,1,-14,0.034482758620689655,-14
2020-12-16,vlst,2020-12-07,67.5,2.0,1,-9,0.06896551724137931,-9
2020-12-16,vlst,2020-12-08,75.0,1.0,1,-8,0.034482758620689655,-8
2020-12-16,vlst,2020-12-09,70.0,1.0,1,-7,0.034482758620689655,-7
2020-12-16,vlst,2020-12-10,70.0,1.0,1,-6,0.034482758620689655,-6
2020-12-16,vlst,2020-12-11,65.0,1.0,1,-5,0.034482758620689655,-5
2020-12-16,vlst,2020-12-12,65.0,1.0,1,-4,0.034482758620689655,-4
2020-12-17,vlst,2020-10-11,65.0,1.0,2,-33,0.034482758620689655,-67
2020-12-17,vlst,2020-11-05,70.0,1.0,2,-30,0.034482758620689655,-42
2020-12-17,vlst,2020-11-08,70.0,1.0,2,-29,0.034482758620689655,-39
2020-12-17,vlst,2020-11-13,70.0,1.0,2,-28,0.034482758620689655,-34
2020-12-17,vlst,2020-11-16,67.0,4.0,2,-28,0.13793103448275862,-31
2020-12-17,vlst,2020-11-17,65.0,1.0,2,-28,0.034482758620689655,-30
2020-12-17,vlst,2020-11-26,64.33333333333333,3.0,2,-21,0.10344827586206896,-21
2020-12-17,vlst,2020-12-01,60.0,1.0,2,-16,0.034482758620689655,-16
2020-12-17,vlst,2020-12-02,65.0,1.0,2,-15,0.034482758620689655,-15
2020-12-17,vlst,2020-12-07,67.5,2.0,2,-10,0.06896551724137931,-10
2020-12-17,vlst,2020-12-09,70.0,1.0,2,-8,0.034482758620689655,-8
2020-12-17,vlst,2020-12-10,65.0,2.0,2,-7,0.06896551724137931,-7
2020-12-17,vlst,2020-12-11,65.0,1.0,2,-6,0.034482758620689655,-6
2020-12-17,vlst,2020-12-12,65.0,1.0,2,-5,0.034482758620689655,-5
2020-12-17,vlst,2020-12-16,50.0,1.0,2,-1,0.034482758620689655,-1
2020-12-18,vlst,2020-10-11,65.0,1.0,2,-33,0.034482758620689655,-68
2020-12-18,vlst,2020-11-05,70.0,1.0,2,-30,0.034482758620689655,-43
2020-12-18,vlst,2020-11-08,70.0,1.0,2,-29,0.034482758620689655,-40
2020-12-18,vlst,2020-11-16,66.66666666666667,3.0,2,-28,0.10344827586206896,-32
2020-12-18,vlst,2020-11-20,0.0,1.0,2,-28,0.034482758620689655,-28
2020-12-18,vlst,2020-11-26,61.5,2.0,2,-22,0.06896551724137931,-22
2020-12-18,vlst,2020-12-01,60.0,1.0,2,-17,0.034482758620689655,-17
2020-12-18,vlst,2020-12-02,65.0,1.0,2,-16,0.034482758620689655,-16
2020-12-18,vlst,2020-12-06,60.0,1.0,2,-12,0.034482758620689655,-12
2020-12-18,vlst,2020-12-07,65.0,1.0,2,-11,0.034482758620689655,-11
2020-12-18,vlst,2020-12-08,55.0,1.0,2,-10,0.034482758620689655,-10
2020-12-18,vlst,2020-12-09,70.0,1.0,2,-9,0.034482758620689655,-9
2020-12-18,vlst,2020-12-10,65.0,2.0,2,-8,0.06896551724137931,-8
2020-12-18,vlst,2020-12-11,65.0,1.0,2,-7,0.034482758620689655,-7
2020-12-18,vlst,2020-12-12,65.0,1.0,2,-6,0.034482758620689655,-6
2020-12-18,vlst,2020-12-16,50.0,1.0,2,-2,0.034482758620689655,-2
2020-12-19,vlst,2020-10-06,65.0,1.0,2,-34,0.034482758620689655,-74
2020-12-19,vlst,2020-10-11,65.0,1.0,2,-33,0.034482758620689655,-69
2020-12-19,vlst,2020-11-04,80.0,1.0,2,-30,0.034482758620689655,-45
2020-12-19,vlst,2020-11-05,70.0,1.0,2,-30,0.034482758620689655,-44
2020-12-19,vlst,2020-11-16,70.0,1.0,2,-28,0.034482758620689655,-33
2020-12-19,vlst,2020-11-20,0.0,1.0,2,-28,0.034482758620689655,-29
2020-12-19,vlst,2020-11-25,65.0,1.0,2,-24,0.034482758620689655,-24
2020-12-19,vlst,2020-11-26,61.5,2.0,2,-23,0.06896551724137931,-23
2020-12-19,vlst,2020-12-01,60.0,1.0,2,-18,0.034482758620689655,-18
2020-12-19,vlst,2020-12-02,65.0,1.0,2,-17,0.034482758620689655,-17
2020-12-19,vlst,2020-12-06,62.5,2.0,2,-13,0.06896551724137931,-13
2020-12-19,vlst,2020-12-08,55.0,1.0,2,-11,0.034482758620689655,-11
2020-12-19,vlst,2020-12-09,70.0,1.0,2,-10,0.034482758620689655,-10
2020-12-19,vlst,2020-12-10,62.5,1.8333333333333335,2,-9,0.06321839080459771,-9
2020-12-19,vlst,2020-12-15,65.0,1.0,2,-4,0.034482758620689655,-4
2020-12-19,vlst,2020-12-16,50.0,1.0,2,-3,0.034482758620689655,-3
2020-12-20,vlst,2020-09-29,70.0,1.0,2,-35,0.034482758620689655,-82
2020-12-20,vlst,2020-10-06,65.0,1.0,2,-34,0.034482758620689655,-75
2020-12-20,vlst,2020-10-29,50.0,1.0,2,-31,0.034482758620689655,-52
2020-12-20,vlst,2020-11-03,65.0,1.0,2,-30,0.034482758620689655,-47
2020-12-20,vlst,2020-11-04,80.0,1.0,2,-30,0.034482758620689655,-46
2020-12-20,vlst,2020-11-16,70.0,1.0,2,-28,0.034482758620689655,-34
2020-12-20,vlst,2020-11-18,70.0,1.0,2,-28,0.034482758620689655,-32
2020-12-20,vlst,2020-11-20,0.0,1.0,2,-28,0.034482758620689655,-30
2020-12-20,vlst,2020-11-23,70.0,1.0,2,-27,0.034482758620689655,-27
2020-12-20,vlst,2020-11-25,65.0,1.0,2,-25,0.034482758620689655,-25
2020-12-20,vlst,2020-11-26,48.0,1.0,2,-24,0.034482758620689655,-24
2020-12-20,vlst,2020-12-01,60.0,1.0,2,-19,0.034482758620689655,-19
2020-12-20,vlst,2020-12-06,65.0,1.0,2,-14,0.034482758620689655,-14
2020-12-20,vlst,2020-12-08,55.0,1.0,2,-12,0.034482758620689655,-12
2020-12-20,vlst,2020-12-10,62.5,2.0,2,-10,0.06896551724137931,-10
2020-12-20,vlst,2020-12-15,65.0,1.0,2,-5,0.034482758620689655,-5
2020-12-20,vlst,2020-12-16,50.0,1.0,2,-4,0.034482758620689655,-4
2020-12-21,vlst,2020-09-29,70.0,1.0,1,-35,0.034482758620689655,-83
2020-12-21,vlst,2020-10-06,65.0,1.0,1,-34,0.034482758620689655,-76
2020-12-21,vlst,2020-10-15,65.0,1.0,1,-33,0.034482758620689655,-67
2020-12-21,vlst,2020-10-19,70.0,1.0,1,-33,0.034482758620689655,-63
2020-12-21,vlst,2020-10-29,50.0,1.0,1,-31,0.034482758620689655,-53
2020-12-21,vlst,2020-11-03,65.0,1.0,1,-30,0.034482758620689655,-48
2020-12-21,vlst,2020-11-04,80.0,1.0,1,-30,0.034482758620689655,-47
2020-12-21,vlst,2020-11-07,65.0,1.0,1,-30,0.034482758620689655,-44
2020-12-21,vlst,2020-11-18,70.0,1.0,1,-28,0.034482758620689655,-33
2020-12-21,vlst,2020-11-23,70.0,1.0,1,-28,0.034482758620689655,-28
2020-12-21,vlst,2020-11-25,70.0,2.0,1,-26,0.06896551724137931,-26
2020-12-21,vlst,2020-11-27,70.0,1.0,1,-24,0.034482758620689655,-24
2020-12-21,vlst,2020-12-01,60.0,1.0,1,-20,0.034482758620689655,-20
2020-12-21,vlst,2020-12-06,65.0,1.0,1,-15,0.034482758620689655,-15
2020-12-21,vlst,2020-12-10,62.5,2.0,1,-11,0.06896551724137931,-11
2020-12-21,vlst,2020-12-16,50.0,1.0,1,-5,0.034482758620689655,-5
2020-12-22,vlst,2020-09-29,70.0,1.0,1,-36,0.034482758620689655,-84
2020-12-22,vlst,2020-10-06,65.0,1.0,1,-35,0.034482758620689655,-77
2020-12-22,vlst,2020-10-15,65.0,1.0,1,-33,0.034482758620689655,-68
2020-12-22,vlst,2020-10-19,70.0,1.0,1,-33,0.034482758620689655,-64
2020-12-22,vlst,2020-10-29,50.0,1.0,1,-31,0.034482758620689655,-54
2020-12-22,vlst,2020-11-03,65.0,1.0,1,-31,0.034482758620689655,-49
2020-12-22,vlst,2020-11-06,70.0,1.0,1,-30,0.034482758620689655,-46
2020-12-22,vlst,2020-11-07,67.5,2.0,1,-30,0.06896551724137931,-45
2020-12-22,vlst,2020-11-09,40.0,1.0,1,-30,0.034482758620689655,-43
2020-12-22,vlst,2020-11-12,75.0,1.0,1,-29,0.034482758620689655,-40
2020-12-22,vlst,2020-11-18,70.0,1.0,1,-28,0.034482758620689655,-34
2020-12-22,vlst,2020-11-22,73.0,1.0,1,-28,0.034482758620689655,-30
2020-12-22,vlst,2020-11-23,70.0,1.0,1,-28,0.034482758620689655,-29
2020-12-22,vlst,2020-11-25,75.0,1.0,1,-27,0.034482758620689655,-27
2020-12-22,vlst,2020-11-27,70.0,1.0,1,-25,0.034482758620689655,-25
2020-12-23,vlst,2020-09-26,65.0,1.0,3,-36,0.034482758620689655,-88
2020-12-23,vlst,2020-09-29,70.0,1.0,3,-36,0.034482758620689655,-85
2020-12-23,vlst,2020-10-15,65.0,1.0,3,-33,0.034482758620689655,-69
2020-12-23,vlst,2020-10-19,70.0,1.0,3,-33,0.034482758620689655,-65
2020-12-23,vlst,2020-10-26,70.0,1.0,3,-32,0.034482758620689655,-58
2020-12-23,vlst,2020-10-29,50.0,1.0,3,-31,0.034482758620689655,-55
2020-12-23,vlst,2020-11-03,65.0,1.0,3,-31,0.034482758620689655,-50
2020-12-23,vlst,2020-11-05,70.0,1.0,3,-30,0.034482758620689655,-48
2020-12-23,vlst,2020-11-06,70.0,1.0,3,-30,0.034482758620689655,-47
2020-12-23,vlst,2020-11-07,67.5,2.0,3,-30,0.06896551724137931,-46
2020-12-23,vlst,2020-11-09,40.0,1.0,3,-30,0.034482758620689655,-44
2020-12-23,vlst,2020-11-12,75.0,1.0,3,-29,0.034482758620689655,-41
2020-12-23,vlst,2020-11-18,70.0,1.0,3,-29,0.034482758620689655,-35
2020-12-23,vlst,2020-11-22,73.0,1.0,3,-28,0.034482758620689655,-31
2020-12-23,vlst,2020-11-23,70.0,1.0,3,-28,0.034482758620689655,-30
2020-12-23,vlst,2020-11-25,75.0,1.0,3,-28,0.034482758620689655,-28
2020-12-23,vlst,2020-11-27,70.0,1.0,3,-26,0.034482758620689655,-26
2020-12-23,vlst,2020-12-09,40.0,1.0,3,-14,0.034482758620689655,-14
2020-12-23,vlst,2020-12-10,35.0,1.0,3,-13,0.034482758620689655,-13
2020-12-23,vlst,2020-12-12,30.0,1.0,3,-11,0.034482758620689655,-11
2020-12-24,vlst,2020-09-26,65.0,1.0,3,-36,0.034482758620689655,-89
2020-12-24,vlst,2020-09-29,70.0,1.0,3,-36,0.034482758620689655,-86
2020-12-24,vlst,2020-10-15,65.0,1.0,3,-34,0.034482758620689655,-70
2020-12-24,vlst,2020-10-19,70.0,1.0,3,-33,0.034482758620689655,-66
2020-12-24,vlst,2020-10-26,70.0,1.0,3,-32,0.034482758620689655,-59
2020-12-24,vlst,2020-10-29,47.5,1.5833333333333335,3,-32,0.05459770114942529,-56
2020-12-24,vlst,2020-11-02,40.0,0.6666666666666666,3,-31,0.022988505747126436,-52
2020-12-24,vlst,2020-11-03,65.0,1.0,3,-31,0.034482758620689655,-51
2020-12-24,vlst,2020-11-05,70.0,1.0,3,-31,0.034482758620689655,-49
2020-12-24,vlst,2020-11-06,70.0,1.0,3,-30,0.034482758620689655,-48
2020-12-24,vlst,2020-11-07,58.333333333333336,3.0,3,-30,0.10344827586206896,-47
2020-12-24,vlst,2020-11-09,40.0,1.0,3,-30,0.034482758620689655,-45
2020-12-24,vlst,2020-11-12,75.0,1.0,3,-30,0.034482758620689655,-42
2020-12-24,vlst,2020-11-22,73.0,1.0,3,-28,0.034482758620689655,-32
2020-12-24,vlst,2020-11-23,70.0,1.0,3,-28,0.034482758620689655,-31
2020-12-24,vlst,2020-11-27,70.0,1.0,3,-27,0.034482758620689655,-27
2020-12-24,vlst,2020-12-09,40.0,1.0,3,-15,0.034482758620689655,-15
2020-12-24,vlst,2020-12-10,35.0,1.0,3,-14,0.034482758620689655,-14
2020-12-24,vlst,2020-12-12,30.0,1.0,3,-12,0.034482758620689655,-12
2020-12-25,vlst,2020-09-26,67.5,2.0,3,-36,0.06896551724137931,-90
2020-12-25,vlst,2020-09-29,70.0,1.0,3,-36,0.034482758620689655,-87
2020-12-25,vlst,2020-10-05,70.0,1.0,3,-35,0.034482758620689655,-81
2020-12-25,vlst,2020-10-15,65.0,2.0,3,-34,0.06896551724137931,-71
2020-12-25,vlst,2020-10-19,70.0,1.0,3,-33,0.034482758620689655,-67
2020-12-25,vlst,2020-10-26,70.0,1.0,3,-32,0.034482758620689655,-60
2020-12-25,vlst,2020-10-27,40.0,1.0,3,-32,0.034482758620689655,-59
2020-12-25,vlst,2020-10-29,47.5,2.0,3,-32,0.06896551724137931,-57
2020-12-25,vlst,2020-11-01,40.0,1.0,3,-31,0.034482758620689655,-54
2020-12-25,vlst,2020-11-02,20.0,2.0,3,-31,0.06896551724137931,-53
2020-12-25,vlst,2020-11-03,52.5,2.0,3,-31,0.06896551724137931,-52
2020-12-25,vlst,2020-11-05,70.0,1.0,3,-31,0.034482758620689655,-50
2020-12-25,vlst,2020-11-06,70.0,1.0,3,-31,0.034482758620689655,-49
2020-12-25,vlst,2020-11-07,58.333333333333336,3.0,3,-30,0.10344827586206896,-48
2020-12-25,vlst,2020-11-13,30.0,0.8333333333333334,3,-30,0.028735632183908046,-42
2020-12-25,vlst,2020-11-22,73.0,1.0,3,-28,0.034482758620689655,-33
2020-12-25,vlst,2020-12-09,40.0,1.0,3,-16,0.034482758620689655,-16
2020-12-25,vlst,2020-12-10,27.5,2.0,3,-15,0.06896551724137931,-15
2020-12-25,vlst,2020-12-12,30.0,1.0,3,-13,0.034482758620689655,-13
2020-12-26,vlst,2020-09-26,67.5,2.0,2,-36,0.06896551724137931,-91
2020-12-26,vlst,2020-10-05,70.0,1.0,2,-35,0.034482758620689655,-82
2020-12-26,vlst,2020-10-15,65.0,1.0,2,-34,0.034482758620689655,-72
2020-12-26,vlst,2020-10-19,70.0,1.0,2,-33,0.034482758620689655,-68
2020-12-26,vlst,2020-10-26,70.0,1.0,2,-32,0.034482758620689655,-61
2020-12-26,vlst,2020-10-27,40.0,1.0,2,-32,0.034482758620689655,-60
2020-12-26,vlst,2020-10-29,47.5,2.0,2,-32,0.06896551724137931,-58
2020-12-26,vlst,2020-11-01,40.0,1.0,2,-31,0.034482758620689655,-55
2020-12-26,vlst,2020-11-02,20.0,2.0,2,-31,0.06896551724137931,-54
2020-12-26,vlst,2020-11-03,52.5,2.0,2,-31,0.06896551724137931,-53
2020-12-26,vlst,2020-11-05,70.0,1.0,2,-31,0.034482758620689655,-51
2020-12-26,vlst,2020-11-06,70.0,1.0,2,-31,0.034482758620689655,-50
2020-12-26,vlst,2020-11-07,40.0,1.0,2,-31,0.034482758620689655,-49
2020-12-26,vlst,2020-11-13,30.0,1.0,2,-30,0.034482758620689655,-43
2020-12-26,vlst,2020-11-14,70.0,1.0,2,-30,0.034482758620689655,-42
2020-12-26,vlst,2020-12-09,40.0,1.0,2,-17,0.034482758620689655,-17
2020-12-26,vlst,2020-12-10,27.5,2.0,2,-16,0.06896551724137931,-16
2020-12-27,vlst,2020-09-26,67.5,2.0,2,-36,0.06896551724137931,-92
2020-12-27,vlst,2020-10-05,70.0,1.0,2,-35,0.034482758620689655,-83
2020-12-27,vlst,2020-10-15,65.0,1.0,2,-34,0.034482758620689655,-73
2020-12-27,vlst,2020-10-19,70.0,1.0,2,-33,0.034482758620689655,-69
2020-12-27,vlst,2020-10-26,70.0,1.0,2,-32,0.034482758620689655,-62
2020-12-27,vlst,2020-10-27,40.0,1.0,2,-32,0.034482758620689655,-61
2020-12-27,vlst,2020-11-01,52.5,2.0,2,-32,0.06896551724137931,-56
2020-12-27,vlst,2020-11-02,20.0,2.0,2,-31,0.06896551724137931,-55
2020-12-27,vlst,2020-11-03,52.5,2.0,2,-31,0.06896551724137931,-54
2020-12-27,vlst,2020-11-05,70.0,1.0,2,-31,0.034482758620689655,-52
2020-12-27,vlst,2020-11-07,40.0,1.0,2,-31,0.034482758620689655,-50
2020-12-27,vlst,2020-11-11,70.0,1.0,2,-30,0.034482758620689655,-46
2020-12-27,vlst,2020-11-13,30.0,1.0,2,-30,0.034482758620689655,-44
2020-12-27,vlst,2020-11-14,70.0,1.0,2,-30,0.034482758620689655,-43
2020-12-27,vlst,2020-12-10,20.0,1.0,2,-17,0.034482758620689655,-17
2020-12-28,vlst,2020-09-26,67.5,2.0,1,-36,0.06896551724137931,-93
2020-12-28,vlst,2020-10-05,70.0,1.0,1,-36,0.034482758620689655,-84
2020-12-28,vlst,2020-10-19,70.0,1.0,1,-34,0.034482758620689655,-70
2020-12-28,vlst,2020-10-26,70.0,1.0,1,-33,0.034482758620689655,-63
2020-12-28,vlst,2020-10-27,40.0,1.0,1,-32,0.034482758620689655,-62
2020-12-28,vlst,2020-11-01,67.5,2.0,1,-32,0.06896551724137931,-57
2020-12-28,vlst,2020-11-02,0.0,1.0,1,-32,0.034482758620689655,-56
2020-12-28,vlst,2020-11-05,70.0,1.0,1,-31,0.034482758620689655,-53
2020-12-28,vlst,2020-11-07,40.0,1.0,1,-31,0.034482758620689655,-51
2020-12-28,vlst,2020-11-11,70.0,1.0,1,-30,0.034482758620689655,-47
2020-12-28,vlst,2020-11-13,30.0,1.0,1,-30,0.034482758620689655,-45
2020-12-28,vlst,2020-11-14,70.0,1.0,1,-30,0.034482758620689655,-44
2020-12-28,vlst,2020-11-25,70.0,1.0,1,-28,0.034482758620689655,-33
2020-12-28,vlst,2020-11-26,70.0,1.0,1,-28,0.034482758620689655,-32
2020-12-28,vlst,2020-12-03,25.0,1.0,1,-25,0.034482758620689655,-25
2020-12-28,vlst,2020-12-10,20.0,1.0,1,-18,0.034482758620689655,-18
2020-12-28,vlst,2020-12-14,20.0,1.0,1,-14,0.034482758620689655,-14
2020-12-29,vlst,2020-09-26,67.5,2.0,1,-36,0.06896551724137931,-94
2020-12-29,vlst,2020-10-19,70.0,1.0,1,-34,0.034482758620689655,-71
2020-12-29,vlst,2020-10-26,70.0,1.0,1,-33,0.034482758620689655,-64
2020-12-29,vlst,2020-10-31,70.0,1.0,1,-32,0.034482758620689655,-59
2020-12-29,vlst,2020-11-01,67.5,2.0,1,-32,0.06896551724137931,-58
2020-12-29,vlst,2020-11-02,0.0,1.0,1,-32,0.034482758620689655,-57
2020-12-29,vlst,2020-11-05,70.0,1.0,1,-31,0.034482758620689655,-54
2020-12-29,vlst,2020-11-06,70.0,1.0,1,-31,0.034482758620689655,-53
2020-12-29,vlst,2020-11-11,70.0,1.0,1,-30,0.034482758620689655,-48
2020-12-29,vlst,2020-11-14,70.0,1.0,1,-30,0.034482758620689655,-45
2020-12-29,vlst,2020-11-25,70.0,1.0,1,-28,0.034482758620689655,-34
2020-12-29,vlst,2020-11-26,70.0,1.0,1,-28,0.034482758620689655,-33
2020-12-29,vlst,2020-12-03,25.0,1.0,1,-26,0.034482758620689655,-26
2020-12-29,vlst,2020-12-14,20.0,1.0,1,-15,0.034482758620689655,-15
2020-12-30,vlst,2020-09-26,65.0,1.0,3,-36,0.034482758620689655,-95
2020-12-30,vlst,2020-10-15,65.0,1.0,3,-34,0.034482758620689655,-76
2020-12-30,vlst,2020-10-16,65.0,1.0,3,-34,0.034482758620689655,-75
2020-12-30,vlst,2020-10-19,70.0,1.0,3,-34,0.034482758620689655,-72
2020-12-30,vlst,2020-10-22,75.0,1.0,3,-33,0.034482758620689655,-69
2020-12-30,vlst,2020-10-26,70.0,1.0,3,-33,0.034482758620689655,-65
2020-12-30,vlst,2020-10-27,75.0,0.3333333333333333,3,-33,0.011494252873563218,-64
2020-12-30,vlst,2020-10-28,70.0,1.0,3,-33,0.034482758620689655,-63
2020-12-30,vlst,2020-10-31,70.0,1.0,3,-32,0.034482758620689655,-60
2020-12-30,vlst,2020-11-01,70.0,1.0,3,-32,0.034482758620689655,-59
2020-12-30,vlst,2020-11-02,0.0,1.0,3,-32,0.034482758620689655,-58
2020-12-30,vlst,2020-11-04,75.0,1.0,3,-32,0.034482758620689655,-56
2020-12-30,vlst,2020-11-05,72.5,1.5,3,-31,0.05172413793103448,-55
2020-12-30,vlst,2020-11-06,70.0,1.0,3,-31,0.034482758620689655,-54
2020-12-30,vlst,2020-11-07,65.0,1.0,3,-31,0.034482758620689655,-53
2020-12-30,vlst,2020-11-14,70.0,1.0,3,-30,0.034482758620689655,-46
2020-12-30,vlst,2020-11-17,30.0,0.5,3,-30,0.017241379310344827,-43
2020-12-30,vlst,2020-11-25,70.0,1.0,3,-29,0.034482758620689655,-35
2020-12-30,vlst,2020-11-26,70.0,1.0,3,-28,0.034482758620689655,-34
2020-12-30,vlst,2020-12-03,25.0,1.0,3,-27,0.034482758620689655,-27
2020-12-31,vlst,2020-09-26,65.0,1.0,3,-36,0.034482758620689655,-96
2020-12-31,vlst,2020-10-02,65.0,0.16666666666666666,3,-36,0.005747126436781609,-90
2020-12-31,vlst,2020-10-09,65.0,1.0,3,-35,0.034482758620689655,-83
2020-12-31,vlst,2020-10-15,65.0,1.0,3,-35,0.034482758620689655,-77
2020-12-31,vlst,2020-10-16,65.0,1.0,3,-34,0.034482758620689655,-76
2020-12-31,vlst,2020-10-18,40.0,0.5833333333333334,3,-34,0.020114942528735632,-74
2020-12-31,vlst,2020-10-19,70.0,1.0,3,-34,0.034482758620689655,-73
2020-12-31,vlst,2020-10-22,75.0,1.0,3,-34,0.034482758620689655,-70
2020-12-31,vlst,2020-10-26,70.0,1.0,3,-33,0.034482758620689655,-66
2020-12-31,vlst,2020-10-27,75.0,1.0,3,-33,0.034482758620689655,-65
2020-12-31,vlst,2020-10-28,70.0,1.0,3,-33,0.034482758620689655,-64
2020-12-31,vlst,2020-10-31,52.5,1.3333333333333333,3,-32,0.04597701149425287,-61
2020-12-31,vlst,2020-11-01,70.0,1.0,3,-32,0.034482758620689655,-60
2020-12-31,vlst,2020-11-02,0.0,1.0,3,-32,0.034482758620689655,-59
2020-12-31,vlst,2020-11-04,75.0,1.0,3,-32,0.034482758620689655,-57
2020-12-31,vlst,2020-11-05,61.666666666666664,3.0,3,-32,0.10344827586206896,-56
2020-12-31,vlst,2020-11-06,70.0,1.0,3,-31,0.034482758620689655,-55
2020-12-31,vlst,2020-11-07,65.0,1.0,3,-31,0.034482758620689655,-54
2020-12-31,vlst,2020-11-17,30.0,1.0,3,-30,0.034482758620689655,-44
2020-12-31,vlst,2020-11-30,12.5,1.3333333333333333,3,-28,0.04597701149425287,-31
2020-12-31,vlst,2020-12-03,25.0,1.0,3,-28,0.034482758620689655,-28
2020-12-31,vlst,2020-12-07,13.0,1.0,3,-24,0.034482758620689655,-24
2021-01-01,vlst,2020-09-26,65.0,1.0,3,-36,0.034482758620689655,-97
2021-01-01,vlst,2020-10-02,65.0,1.0,3,-36,0.034482758620689655,-91
2021-01-01,vlst,2020-10-03,70.0,1.0,3,-36,0.034482758620689655,-90
2021-01-01,vlst,2020-10-09,65.0,1.0,3,-36,0.034482758620689655,-84
2021-01-01,vlst,2020-10-15,65.0,1.0,3,-35,0.034482758620689655,-78
2021-01-01,vlst,2020-10-18,40.0,1.0,3,-34,0.034482758620689655,-75
2021-01-01,vlst,2020-10-19,70.0,1.0,3,-34,0.034482758620689655,-74
2021-01-01,vlst,2020-10-22,75.0,1.0,3,-34,0.034482758620689655,-71
2021-01-01,vlst,2020-10-26,70.0,1.0,3,-33,0.034482758620689655,-67
2021-01-01,vlst,2020-10-27,75.0,1.0,3,-33,0.034482758620689655,-66
2021-01-01,vlst,2020-10-28,70.0,1.0,3,-33,0.034482758620689655,-65
2021-01-01,vlst,2020-10-31,35.0,1.0,3,-32,0.034482758620689655,-62
2021-01-01,vlst,2020-11-01,70.0,1.0,3,-32,0.034482758620689655,-61
2021-01-01,vlst,2020-11-02,0.0,1.0,3,-32,0.034482758620689655,-60
2021-01-01,vlst,2020-11-04,75.0,1.0,3,-32,0.034482758620689655,-58
2021-01-01,vlst,2020-11-05,61.666666666666664,3.0,3,-32,0.10344827586206896,-57
2021-01-01,vlst,2020-11-07,65.0,1.0,3,-31,0.034482758620689655,-55
2021-01-01,vlst,2020-11-17,30.0,1.0,3,-30,0.034482758620689655,-45
2021-01-01,vlst,2020-11-30,12.5,2.0,3,-28,0.06896551724137931,-32
2021-01-01,vlst,2020-12-07,13.0,1.0,3,-25,0.034482758620689655,-25
2021-01-01,vlst,2020-12-15,10.0,1.0,3,-17,0.034482758620689655,-17
2021-01-02,vlst,2020-09-26,65.0,1.0,3,-36,0.034482758620689655,-98
2021-01-02,vlst,2020-10-02,65.0,1.0,3,-36,0.034482758620689655,-92
2021-01-02,vlst,2020-10-03,70.0,1.0,3,-36,0.034482758620689655,-91
2021-01-02,vlst,2020-10-15,65.0,1.0,3,-35,0.034482758620689655,-79
2021-01-02,vlst,2020-10-18,40.0,1.0,3,-34,0.034482758620689655,-76
2021-01-02,vlst,2020-10-19,70.0,1.0,3,-34,0.034482758620689655,-75
2021-01-02,vlst,2020-10-22,75.0,1.0,3,-34,0.034482758620689655,-72
2021-01-02,vlst,2020-10-26,70.0,1.0,3,-33,0.034482758620689655,-68
2021-01-02,vlst,2020-10-28,70.0,1.0,3,-33,0.034482758620689655,-66
2021-01-02,vlst,2020-11-01,57.5,2.0,3,-32,0.06896551724137931,-62
2021-01-02,vlst,2020-11-02,0.0,1.0,3,-32,0.034482758620689655,-61
2021-01-02,vlst,2020-11-04,75.0,1.0,3,-32,0.034482758620689655,-59
2021-01-02,vlst,2020-11-05,61.666666666666664,3.0,3,-32,0.10344827586206896,-58
2021-01-02,vlst,2020-11-17,30.0,1.0,3,-30,0.034482758620689655,-46
2021-01-02,vlst,2020-11-22,65.0,1.0,3,-29,0.034482758620689655,-41
2021-01-02,vlst,2020-11-30,12.5,2.0,3,-28,0.06896551724137931,-33
2021-01-02,vlst,2020-12-07,13.0,1.0,3,-26,0.034482758620689655,-26
2021-01-02,vlst,2020-12-15,10.0,1.0,3,-18,0.034482758620689655,-18
2021-01-03,vlst,2020-10-03,70.0,1.0,3,-36,0.034482758620689655,-92
2021-01-03,vlst,2020-10-18,40.0,1.0,3,-35,0.034482758620689655,-77
2021-01-03,vlst,2020-10-19,70.0,1.0,3,-34,0.034482758620689655,-76
2021-01-03,vlst,2020-10-22,75.0,1.0,3,-34,0.034482758620689655,-73
2021-01-03,vlst,2020-11-01,45.0,1.0,3,-33,0.034482758620689655,-63
2021-01-03,vlst,2020-11-02,0.0,1.0,3,-32,0.034482758620689655,-62
2021-01-03,vlst,2020-11-17,30.0,1.0,3,-30,0.034482758620689655,-47
2021-01-03,vlst,2020-11-22,65.0,1.0,3,-30,0.034482758620689655,-42
2021-01-03,vlst,2020-11-24,65.0,0.16666666666666666,3,-29,0.005747126436781609,-40
2021-01-03,vlst,2020-11-30,12.5,2.0,3,-28,0.06896551724137931,-34
2021-01-03,vlst,2020-12-15,10.0,1.0,3,-19,0.034482758620689655,-19
